name,serving_note,ingredients,steps
Poha,1 bowl (~200g),Flattened rice (poha) 80g|Onion 60g (thinly sliced)|Green chilli 1|Mustard seeds 1 tsp|Curry leaves 6|Turmeric ¼ tsp|Peanuts 20g|Oil 10ml|Lemon juice 1 tsp|Salt to taste|Fresh coriander 2 tbsp,"Rinse poha in water 30 sec; drain; set aside|Heat oil in a pan; add mustard seeds; let splutter|Add curry leaves, peanuts and green chilli; stir 1 min|Add onion; sauté 3 min until soft|Add turmeric and salt; add drained poha; mix gently; cook covered 3 min|Squeeze lemon; garnish coriander"
Upma,1 bowl (~220g),Semolina (rava) 80g|Onion 60g (chopped)|Tomato 30g (chopped)|Green chilli 1|Mustard seeds 1 tsp|Curry leaves 6|Urad dal 1 tsp|Ghee 10ml|Water 250ml|Salt to taste|Fresh coriander 2 tbsp,Dry roast semolina in a pan on medium 4–5 min until lightly golden; set aside|Heat ghee; add mustard seeds and urad dal; when they splutter add curry leaves and chilli|Add onion; cook 3 min; add tomato; cook 2 min; add salt|Pour boiling water; bring to a boil; slowly add roasted semolina stirring continuously to avoid lumps|Reduce heat; stir until water absorbed; cover 2 min; garnish coriander
Besan Chilla,2 chillas (~180g),Chickpea flour (besan) 80g|Onion 40g (finely chopped)|Tomato 30g (chopped)|Green chilli 1 (chopped)|Ajwain ¼ tsp|Turmeric ¼ tsp|Red chilli powder ¼ tsp|Water 100–120ml|Oil 10ml|Salt to taste,"Mix besan with onion, tomato, chilli, ajwain, turmeric, salt and red chilli; add water to make a pourable batter (consistency of dosa)|Heat a non-stick pan; lightly oil; pour a ladleful; spread thin; cook 2–3 min|Drizzle a few drops oil on top; flip; cook 2 min more|Repeat for remaining batter; serve with mint chutney"
Masala Omelette,2-egg omelette (~150g),Eggs 2|Onion 30g (finely chopped)|Tomato 30g (finely chopped)|Green chilli 1|Turmeric ¼ tsp|Red chilli powder ¼ tsp|Garam masala a pinch|Oil 8ml|Salt to taste|Fresh coriander 1 tbsp,"Beat eggs with salt, turmeric, red chilli, garam masala until fluffy|Heat oil in a pan over medium; add onion and chilli; sauté 1 min|Pour egg mixture over onion; let set 1–2 min|Scatter tomato and coriander on top; fold and cook 1 min more"
Oats Porridge,1 bowl (~300g),Rolled oats 60g|Milk 200ml (or water)|Banana ½ (sliced) OR berries|Honey 1 tsp|Cinnamon a pinch|Chia seeds 1 tsp (optional),Bring milk to a simmer in a saucepan|Add oats and cinnamon; stir on medium heat 4–5 min until creamy|Remove from heat; stir in honey; top with fruit and chia seeds
Moong Dal Chilla,2 chillas (~180g),"Yellow moong dal 80g (soaked 3–4 hr)|Ginger 1 tsp|Green chilli 1|Turmeric ¼ tsp|Cumin seeds ½ tsp|Oil 10ml|Salt to taste|Onion 30g (optional, finely chopped)","Drain soaked dal; blend with ginger, chilli, cumin and a little water to a smooth batter; season with salt|Heat non-stick pan; add a few drops oil; pour a ladleful of batter; spread in circles|Cook 3 min until edges lift; flip; press gently; cook 2 more min|Fill with optional chopped onion or paneer if desired"
Aloo Paratha,2 parathas (~200g),"Whole wheat flour (atta) 100g|Potato 150g (boiled, mashed)|Onion 40g (finely chopped)|Green chilli 1 (chopped)|Ginger 1 tsp (grated)|Coriander powder ½ tsp|Garam masala ¼ tsp|Ghee 10ml|Salt to taste|Fresh coriander 2 tbsp","Mix flour with water to form a soft pliable dough; rest 10 min|Combine mashed potato, onion, chilli, ginger, spices, coriander and salt for filling|Divide dough into balls; flatten; place filling; seal and re-roll carefully to ~7-inch disc|Cook on hot tawa 2 min per side; apply ghee; flip and press until golden spots appear"
Banana Oat Pancakes,4 small pancakes (~220g),Rolled oats 60g (blended to flour)|Ripe banana 1 (mashed)|Egg 1|Milk 60ml|Baking powder ½ tsp|Vanilla extract ¼ tsp|Cinnamon ¼ tsp|Oil 6ml,"Blend oats to coarse flour; mix with mashed banana, egg, milk, baking powder, vanilla and cinnamon|Batter should be thick but pourable; thin with a little more milk if needed|Heat lightly oiled non-stick pan on medium; pour ¼ cup batter per pancake|Cook 2–3 min until bubbles form; flip; cook 1–2 min more; serve with fruit or honey"
Roasted Makhana,1 bowl (~40g dry),Fox nuts (makhana) 40g|Ghee 5ml|Black salt ¼ tsp|Chaat masala ¼ tsp|Black pepper ¼ tsp,"Heat ghee in a wide pan on low|Add makhana; stir continuously 10–12 min until they turn crispy (they will puff further)|Remove from heat; toss with salt, chaat masala and pepper immediately|Cool completely before storing; eat within 3 days"
Spiced Roasted Chana,1 bowl (~60g dry roasted chana),Dry roasted chana (daliya) 60g|Lemon juice 1 tsp|Chaat masala ½ tsp|Red chilli powder ¼ tsp|Salt to taste,"Toss chana with lemon juice, chaat masala, red chilli and salt|Mix well and serve immediately; optionally add finely chopped onion and coriander"
Sprouts Chaat,1 bowl (~200g),"Mixed sprouts (moong, chana) 100g (boiled 5 min)|Tomato 40g (chopped)|Onion 30g (chopped)|Green chilli 1 (chopped)|Lemon juice 1.5 tsp|Chaat masala ½ tsp|Black salt ¼ tsp|Fresh coriander 2 tbsp","Lightly boil sprouts 5 min in salted water; drain and cool|Toss with tomato, onion, chilli, lemon, chaat masala and black salt|Garnish coriander; adjust seasoning; serve immediately"
Paneer Tikka,"1 serving (150g paneer, 6 cubes)",Paneer 150g (1.5-inch cubes)|Yogurt 50ml|Ginger-garlic paste 1 tbsp|Red chilli powder ½ tsp|Tandoori masala 1 tsp|Cumin powder ½ tsp|Lemon juice 1 tsp|Oil 8ml|Salt to taste,"Mix yogurt, ginger-garlic paste, all spices, lemon and salt into a marinade|Coat paneer cubes well; marinate at least 30 min (refrigerate if longer)|Thread onto skewers or place on baking tray; brush with oil|Oven: 220°C for 15 min, then grill 3 min; OR cook in a hot grill pan 8–10 min turning once|Serve with mint chutney and onion rings"
Boiled Eggs with Seasoning,2 eggs,Eggs 2|Black salt ¼ tsp|Chaat masala ¼ tsp|Black pepper a pinch|Lemon juice ½ tsp (optional),"Place eggs in cold water; bring to boil; cook 9–10 min for hard-boiled|Transfer to ice water immediately; peel after 5 min|Halve or slice; sprinkle black salt, chaat masala and pepper; finish with lemon juice"
Greek Yogurt Bowl,1 bowl (~200g),Greek yogurt 150g|Honey 1 tsp|Mixed berries or sliced banana 50g|Flaxseed 1 tsp (ground)|Walnuts or almonds 10g (chopped),"Spoon yogurt into a bowl|Drizzle honey; top with fruit, ground flaxseed and nuts|Eat immediately; do not stir too vigorously — texture contrast is the appeal"
Peanut Butter Banana Toast,2 slices,"Multigrain / whole wheat bread 2 slices|Peanut butter 20g (natural, no added sugar)|Banana ½ (sliced)|Honey ½ tsp|Chia seeds ½ tsp",Toast bread slices until golden|Spread peanut butter evenly on each slice|Arrange banana slices; drizzle honey; sprinkle chia seeds
Egg Fried Rice,1 plate (~300g),Cooked rice 180g (day-old rice preferred)|Eggs 2|Onion 40g (sliced)|Carrot 30g (finely diced)|Green peas 30g|Soy sauce 1 tbsp|Ginger 1 tsp|Garlic 2 cloves (minced)|Oil 10ml|Black pepper ½ tsp|Salt to taste|Spring onion 2 tbsp,"Scramble eggs in a wok with a little oil over high heat; break into pieces; set aside|In the same wok add oil; sauté garlic, ginger 30 sec; add onion and carrot; stir-fry 3 min|Add peas; stir-fry 1 min; add rice; stir-fry on high heat 3–4 min|Add soy sauce, pepper, salt; toss in egg; garnish spring onion"
Grilled Chicken Salad,1 large bowl (~350g),Chicken breast 120g|Mixed salad greens 100g|Cherry tomatoes 6|Cucumber 50g|Onion 30g|Lemon juice 1.5 tbsp|Olive oil 8ml|Dried oregano ½ tsp|Salt and pepper to taste,"Season chicken with salt, pepper, oregano; grill on a hot pan 5–6 min per side; rest 5 min; slice|Arrange greens, tomatoes, cucumber and onion in a bowl|Drizzle lemon juice and olive oil; top with sliced chicken"
Pasta Primavera,1 plate (~320g),"Pasta (penne or fusilli) 80g (dry)|Mixed vegetables 150g (capsicum, zucchini, carrot, broccoli)|Garlic 2 cloves|Olive oil 10ml|Italian herbs 1 tsp|Parmesan 15g (grated)|Salt and pepper to taste","Cook pasta in salted boiling water per pack instructions; reserve ¼ cup pasta water; drain|Sauté garlic in olive oil 30 sec; add vegetables; stir-fry 5 min until tender-crisp|Add pasta and a splash of pasta water; toss; season with herbs, salt, pepper|Serve topped with parmesan"
Grilled Chicken with Vegetables,1 plate (~350g),Chicken breast 150g|Capsicum 60g|Zucchini 60g|Onion 40g|Olive oil 10ml|Lemon juice 1 tbsp|Garlic powder ½ tsp|Mixed herbs 1 tsp|Salt and pepper to taste,"Marinate chicken in lemon juice, garlic powder, herbs, salt and pepper for 30 min|Grill on a hot pan 5–6 min per side until cooked through; rest 5 min|In same pan add a little oil; stir-fry vegetables 5–6 min until tender; season|Slice chicken; serve alongside vegetables"
Vegetable Pulao,1 plate (~300g),"Basmati rice 80g|Mixed vegetables 100g (peas, carrot, beans, corn)|Onion 60g (sliced)|Whole spices: bay leaf, cloves, cardamom, cinnamon|Ginger-garlic paste 1 tsp|Ghee 10ml|Water 160ml|Salt to taste|Fresh coriander 2 tbsp",Soak rice 20 min; drain|Heat ghee; add whole spices; let splutter; sauté onion 4 min until golden|Add ginger-garlic paste; cook 1 min; add vegetables; stir 2 min|Add rice; stir gently 1 min; add water and salt; bring to boil|Reduce heat; cover tightly; cook 12 min; fluff with fork; garnish coriander
Steamed Chicken,1 serving (~200g),Chicken breast 200g|Ginger slices 4|Garlic 3 cloves|Spring onion 2 stalks|Soy sauce 1 tbsp|Sesame oil 5ml|Black pepper ½ tsp|Salt ¼ tsp,"Place chicken in a deep plate; top with ginger, garlic and spring onion|Steam over medium-high heat 18–20 min until juices run clear; internal temp 75°C|Drizzle soy sauce and sesame oil; crack pepper; rest 3 min before slicing"
Masoor Dal Kababs,6 small kababs (~150g),"Masoor dal 80g (boiled, drained, mashed)|Potato 50g (boiled, mashed)|Onion 30g (finely chopped)|Green chilli 1|Ginger 1 tsp|Cumin powder ½ tsp|Chaat masala ½ tsp|Bread crumbs 20g|Oil 10ml|Salt to taste","Combine mashed dal, potato, onion, chilli, ginger, spices and salt|Shape into flat oval patties; coat lightly in breadcrumbs|Shallow fry in oil on medium heat 3–4 min per side until crispy|Drain on paper; serve with mint chutney"
Rohu Fish Curry,1 serving (~200g fish in gravy),"Rohu fish 200g (cleaned, cut into pieces)|Onion 80g|Tomato 80g|Ginger-garlic paste 1 tbsp|Mustard oil 12ml|Turmeric ¼ tsp|Coriander powder 1 tsp|Red chilli powder ½ tsp|Garam masala ¼ tsp|Salt to taste|Fresh coriander 2 tbsp",Marinate fish with turmeric and salt 15 min|Heat oil until smoking; fry fish pieces 3 min per side; set aside|In the same oil sauté onion until golden; add ginger-garlic paste; cook 2 min|Add tomato puree and all spices; cook 8 min; add 150ml water; simmer 5 min|Add fried fish; simmer 8–10 min; garnish coriander
Grilled Rohu Fish,1 fillet (~200g),Rohu fillet 200g|Lemon juice 1.5 tbsp|Ginger-garlic paste 1 tbsp|Turmeric ¼ tsp|Red chilli powder ½ tsp|Cumin powder ½ tsp|Oil 8ml|Salt to taste,"Marinate fillet in lemon juice, ginger-garlic, all spices and salt for 30 min|Preheat grill pan on high; brush with oil|Grill fish 5–6 min per side without moving until flesh flakes easily|Serve with lemon wedge and salad"
Vegetable Salad Sandwich,1 sandwich (2 slices),Multigrain bread 2 slices|Cucumber 40g (sliced)|Tomato 30g (sliced)|Onion 20g (rings)|Lettuce leaves 2|Hung curd / light mayo 20g|Mint chutney 10g|Salt and pepper to taste,"Lightly toast bread if desired|Spread hung curd on one slice and mint chutney on the other|Layer lettuce, cucumber, tomato and onion; season with salt and pepper|Press together; halve diagonally"
Grilled Paneer,1 serving (180g paneer),Paneer 180g (thick slices or cubes)|Lemon juice 1 tbsp|Red chilli powder ½ tsp|Cumin powder ½ tsp|Garam masala ¼ tsp|Kasuri methi 1 tsp|Oil 8ml|Salt to taste,"Mix spices, lemon, oil and salt; coat paneer pieces well; marinate 20 min|Heat a grill pan or tawa on high until smoking|Grill paneer 3–4 min per side until char marks appear; do not move in between|Serve hot with mint chutney"
Avocado Toast,1 slice,Multigrain bread 1 slice|Ripe avocado ½|Lemon juice 1 tsp|Red chilli flakes a pinch|Salt and pepper to taste|Everything bagel seasoning or sesame seeds (optional),"Toast bread until golden|Mash avocado with lemon juice, salt and pepper|Spread on toast; top with chilli flakes and optional seasoning"
Laiyya Channa,1 bowl (~80g),Puffed rice (murmura) or laiyya (puffed lotus seed) 50g|Roasted chana 30g|Onion 30g (finely chopped)|Tomato 20g (chopped)|Green chilli 1|Lemon juice 1 tsp|Chaat masala ½ tsp|Fresh coriander 1 tbsp,"Combine all dry ingredients in a bowl|Add onion, tomato and chilli; toss with lemon juice and chaat masala|Mix well and serve immediately — it turns soggy if left too long"
Milk Tea,1 cup (200ml),"Water 100ml|Full-fat milk 100ml|Tea leaves 1.5 tsp (or 1 tea bag)|Sugar 1–2 tsp|Ginger ¼ tsp (grated, optional)|Cardamom 1 pod (crushed, optional)",Bring water to boil; add tea leaves and ginger; boil 1 min|Add milk; bring to boil stirring; reduce heat; simmer 2 min|Add sugar; strain into cup
Milk Coffee,1 cup (200ml),Milk 150ml|Instant coffee 1.5 tsp|Sugar 1 tsp|Hot water 50ml,Dissolve coffee and sugar in hot water; beat vigorously 1 min until frothy (optional)|Heat milk until just below boiling|Pour coffee base into cup; add hot milk; stir
Toasted Brown Bread with Butter,2 slices,Whole wheat / brown bread 2 slices|Butter 10g|Jam or honey 1 tsp (optional),Toast bread until golden|Spread butter while hot so it melts|Add jam or honey if desired
Red Sauce Pasta (Veg),1 plate (~300g),Pasta 80g (dry)|Tomato 150g (pureed or crushed)|Onion 50g|Garlic 3 cloves|Capsicum 50g|Italian herbs 1 tsp|Chilli flakes ¼ tsp|Olive oil 10ml|Salt and pepper to taste|Parmesan 10g,"Cook pasta in salted boiling water; drain; reserve pasta water|Sauté garlic in oil 30 sec; add onion and capsicum; cook 4 min|Add tomato puree, herbs, chilli; simmer 10 min; season|Toss pasta in sauce; thin with pasta water if needed; finish with parmesan"
Red Sauce Pasta (Chicken),1 plate (~350g),Pasta 80g (dry)|Chicken breast 100g (cubed)|Tomato 150g (pureed)|Onion 50g|Garlic 3 cloves|Italian herbs 1 tsp|Olive oil 10ml|Salt and pepper to taste|Parmesan 10g,"Cook pasta; drain; reserve pasta water|Season chicken; cook in oil on high heat 5–6 min until browned; set aside|Sauté garlic, onion 4 min; add tomato puree and herbs; simmer 10 min|Add chicken; simmer 3 min; toss pasta in sauce; finish with parmesan"
Idli,3 idlis (~150g),"Idli batter 300ml (fermented, store-bought or homemade: 3:1 rice:urad dal, soaked, ground, fermented 8 hr)|Salt to taste",Add salt to batter; stir gently (do not over-mix — it deflates the batter)|Grease idli moulds; pour batter to ¾ fill; steam 12–15 min|Check with a toothpick — it should come out clean|Rest 2 min before unmoulding; serve with sambhar and coconut chutney
Sambhar,1 bowl (~200ml),"Toor dal 60g (pressure cooked)|Mixed vegetables 80g (drumstick, onion, tomato, eggplant)|Tamarind water 30ml (soak tamarind 15 min)|Sambhar powder 1.5 tsp|Mustard seeds 1 tsp|Curry leaves 6|Dried red chilli 2|Oil 8ml|Salt to taste|Fresh coriander 2 tbsp","Pressure cook toor dal with turmeric until very soft; mash|In a pot add mashed dal, vegetables, tamarind water, sambhar powder and salt; bring to boil; cook 15 min until vegetables are soft|Make tadka: heat oil; add mustard seeds; when they pop add curry leaves and dried chillies; pour over sambhar|Simmer 5 min; garnish coriander"
Rasam,"1 bowl (~200ml, consumed as a soup/accompaniment)",Tomato 100g (chopped)|Tamarind water 30ml|Toor dal water (cooked dal liquid) 100ml OR plain water|Rasam powder 1 tsp|Mustard seeds 1 tsp|Cumin seeds 1 tsp|Garlic 2 cloves (crushed)|Dried red chilli 2|Asafoetida a pinch|Oil 5ml|Salt to taste|Fresh coriander 2 tbsp,"Simmer tomato in tamarind water and dal water 10 min until mushy|Add rasam powder and salt; simmer 5 min|Heat oil; add mustard and cumin; when they splutter add garlic, dried chilli and asafoetida; fry 30 sec|Pour tadka into rasam; simmer 2 min; garnish coriander; serve thin as a soup or over rice"
Plain Dosa,2 dosas (~200g),"Dosa batter 300ml (fermented, store-bought or homemade)|Salt to taste|Oil / ghee 10ml",Add salt to batter; consistency should be thinner than idli batter (like cream)|Heat a flat non-stick tawa on medium-high; sprinkle water — it should sizzle off|Pour a ladleful; spread in a spiral from centre to form a thin circle; drizzle oil around edges|Cook 3 min until crispy; fold and serve; no need to flip a well-made dosa
Masala Dosa,1 large dosa (~300g with filling),"Dosa batter 200ml|For filling: potato 200g (boiled, mashed)|Onion 60g (sliced)|Mustard seeds 1 tsp|Curry leaves 6|Green chilli 1|Turmeric ¼ tsp|Oil 10ml|Salt to taste","FILLING: heat oil; add mustard seeds; add curry leaves, onion and chilli; sauté 4 min; add turmeric; add mashed potato; mix well; cool slightly|DOSA: heat tawa; spread batter thin; cook 3 min; place filling on one side; fold over|Serve with sambhar and coconut chutney"
Multigrain Idli,3 idlis (~150g),"Multigrain idli batter 300ml (made with mix of rice, oats, ragi, urad dal — same preparation as regular batter)|Salt to taste","Same as regular idli — add salt, pour in greased moulds, steam 12–15 min; rest before unmoulding|Tends to be denser than plain rice idli; great with sambar or chutney"
Multigrain Dosa,2 dosas (~200g),"Multigrain dosa batter 300ml (mix of rice, oats, ragi, urad dal — fermented)|Oil 10ml|Salt to taste","Same process as plain dosa — thin batter, hot tawa, spread and cook 3 min|Slightly earthy flavour; crispier at edges"
Tomato Rice,1 plate (~300g),Rice 80g (cooked)|Tomato 100g (chopped)|Onion 60g|Mustard seeds 1 tsp|Curry leaves 6|Urad dal 1 tsp|Red chilli 2|Turmeric ¼ tsp|Oil 10ml|Salt to taste|Fresh coriander 2 tbsp,"Cook rice; cool slightly; spread on a plate|Heat oil; add mustard seeds; when they pop add urad dal, curry leaves, red chilli, onion; sauté 4 min|Add tomato; cook 5 min until soft and mashy; add turmeric and salt|Mix tomato masala into rice gently; garnish coriander"
Tehri,1 plate (~350g),"Basmati rice 80g|Mixed vegetables 150g (potato, carrot, peas)|Onion 60g (sliced)|Ginger-garlic paste 1 tsp|Whole spices (bay leaf, cloves, cardamom, cinnamon)|Oil 10ml|Turmeric ¼ tsp|Coriander powder 1 tsp|Garam masala ¼ tsp|Water 180ml|Salt to taste",Soak rice 20 min; drain|Heat oil; add whole spices; add onion; cook 4 min until golden|Add ginger-garlic paste; cook 1 min; add vegetables and all spices; stir 3 min|Add rice; stir gently; add water and salt; bring to boil; cover; cook on low 12 min; fluff
Buttermilk (Chaach),1 glass (250ml),"Yogurt (dahi) 100g|Water 150ml|Cumin powder (roasted) ½ tsp|Black salt ¼ tsp|Fresh coriander 1 tbsp|Ginger ¼ tsp (grated, optional)|Green chilli a few drops paste (optional)","Whisk yogurt until smooth|Add water and whisk again until frothy|Stir in cumin, black salt, coriander and optional additions|Serve chilled"
Tomato Soup (Indian Style),1 bowl (250ml),Tomato 200g (roughly chopped)|Onion 40g|Garlic 2 cloves|Ginger ½ tsp|Bay leaf 1|Butter 8g|Milk or cream 30ml|Cumin powder ½ tsp|Black pepper ½ tsp|Salt to taste|Fresh coriander 1 tbsp,"Sauté onion, garlic, ginger in butter 3 min; add tomato and bay leaf; cook 10 min until soft|Remove bay leaf; blend smooth; strain for silkier texture|Return to pot; add milk/cream, cumin, pepper and salt; simmer 5 min|Garnish coriander; serve hot"
Vegetable Clear Soup,1 bowl (250ml),"Mixed vegetables 100g (carrot, beans, corn, cabbage — finely chopped)|Garlic 2 cloves (minced)|Ginger ½ tsp (grated)|Soy sauce 1 tsp|Black pepper ¼ tsp|Vegetable stock or water 300ml|Cornstarch 1 tsp (optional, for body)|Salt to taste|Spring onion 1 tbsp","Bring stock to boil; add garlic and ginger; cook 1 min|Add vegetables; simmer 8 min until just tender|Add soy sauce, pepper and salt|Optional: mix cornstarch in 20ml cold water; stir into simmering soup until slightly thickened|Garnish spring onion"
Daliya,1 bowl (~250g),"Broken wheat (daliya) 60g|Onion 40g (finely chopped)|Tomato 30g (chopped)|Green chilli 1|Mustard seeds 1 tsp|Cumin seeds ½ tsp|Vegetables 50g (optional: peas, carrot)|Ghee 8ml|Water 300ml|Salt to taste|Fresh coriander 2 tbsp",Dry roast daliya in a pan 3–4 min until nutty aroma; set aside|Heat ghee; add mustard and cumin; add onion and chilli; sauté 3 min|Add tomato and vegetables; cook 3 min; add water and salt; bring to boil|Add roasted daliya; stir; reduce heat; cover and cook 15–18 min until soft|Garnish coriander
Plain Paratha,2 parathas (~160g),Whole wheat flour (atta) 100g|Water ~45ml|Ghee 10ml|Salt a pinch,Mix flour and salt; add water gradually; knead to smooth soft dough; rest 10 min|Divide into balls; roll each into 6-inch disc; apply ghee; fold into quarter; re-roll into triangle or circle|Cook on hot tawa 2 min; flip; apply ghee; press and cook 2 min more until golden spots
Masala Paratha,2 parathas (~180g),Whole wheat flour 100g|Onion 30g (finely chopped)|Green chilli 1 (finely chopped)|Fresh coriander 2 tbsp|Ajwain ¼ tsp|Red chilli powder ¼ tsp|Ghee 10ml|Water ~40ml|Salt to taste,"Mix flour with onion, chilli, coriander, ajwain, red chilli, salt; add water and knead to soft dough; rest 10 min|Roll into thick 5-inch disc|Cook on hot tawa; ghee each side; press with spatula until golden and cooked through"
Multigrain Paratha / Roti,2 rotis (~120g),"Multigrain atta (wheat, bajra, jowar, oats mix) 100g|Water ~40ml|Salt a pinch|Ghee 5ml",Mix flour and salt; add water gradually; knead to pliable dough; rest 10 min|Roll into 6-inch discs (these may crack slightly — that is normal)|Cook on hot tawa 1.5 min; flip; cook 1 min; apply ghee
Aloo Bhuiya,1 serving (~200g),Potato 200g (thinly sliced or matchsticks)|Oil 12ml|Mustard seeds 1 tsp|Cumin seeds ½ tsp|Turmeric ¼ tsp|Red chilli powder ¼ tsp|Coriander powder ½ tsp|Amchur (dry mango powder) ¼ tsp|Salt to taste|Fresh coriander 2 tbsp,"Heat oil; add mustard and cumin; let splutter|Add potato slices; stir to coat with oil|Add all dry spices and salt; stir; cook covered on medium 12 min, stirring occasionally|Uncover; cook 5 min until edges crispy; garnish coriander"
Bhindi Bhujiya,1 serving (~200g),"Okra (bhindi) 200g (washed, dried, sliced into rounds)|Onion 60g (sliced)|Oil 12ml|Cumin seeds 1 tsp|Turmeric ¼ tsp|Coriander powder 1 tsp|Red chilli powder ¼ tsp|Amchur ¼ tsp|Salt to taste",Dry okra completely — moisture causes sliminess|Heat oil; add cumin; add onion; sauté 3 min|Add bhindi; do NOT cover; cook on medium-high 12–15 min stirring occasionally until sliminess is gone|Add all spices and salt; stir; cook 5 more min until slightly crispy
Dal Tadka,1 bowl (~200g),Toor dal or masoor dal 80g|Ghee 10ml|Cumin seeds 1 tsp|Garlic 3 cloves (sliced)|Dried red chilli 1|Turmeric ¼ tsp|Salt to taste|Fresh coriander 2 tbsp,"Pressure cook dal with turmeric, salt and 3× water for 3 whistles until soft; mash slightly|For tadka: heat ghee in a small pan on medium|Add cumin; when it sizzles add garlic slices; cook until golden (1 min)|Add dried red chilli; cook 30 sec|Pour hot tadka over cooked dal; stir; garnish with coriander"
Rajma,1 bowl (~250g),Rajma (kidney beans) 80g — soaked overnight|Onion 80g (finely chopped)|Tomato 80g (pureed)|Ginger-garlic paste 1 tbsp|Rajma masala 1.5 tsp|Oil 10ml|Cumin seeds 1 tsp|Bay leaf 1|Salt to taste|Fresh coriander 2 tbsp,Pressure cook soaked rajma with salt and bay leaf 6–8 whistles until very soft|Heat oil; add cumin and bay leaf; add onion; cook until deep golden (8 min)|Add ginger-garlic paste; cook 2 min; add tomato puree and rajma masala; cook 5 min|Add cooked rajma with some cooking liquid; simmer 15 min until gravy thickens|Garnish coriander; serve with steamed rice or roti
Paneer Bhurji,1 serving (~200g),Paneer 100g (crumbled)|Onion 60g (finely chopped)|Tomato 50g (finely chopped)|Green chilli 1 (chopped)|Ginger 1 tsp (grated)|Turmeric ¼ tsp|Red chilli powder ¼ tsp|Garam masala ¼ tsp|Oil 10ml|Salt to taste|Fresh coriander 2 tbsp,Heat oil; add onion and green chilli; sauté 3 min until softened|Add ginger; cook 1 min; add tomato and all spices; cook 4 min until oil separates|Add crumbled paneer; mix well; cook 3–4 min on medium|Adjust salt; garnish coriander; serve as-is or with roti
Chole,1 bowl (~250g),Kabuli chana (chickpeas) 80g — soaked overnight|Onion 80g (finely chopped)|Tomato 80g (pureed)|Ginger-garlic paste 1 tbsp|Chole masala 2 tsp|Oil 10ml|Bay leaf 1|Cinnamon stick 1 inch|Salt to taste|Fresh coriander 2 tbsp,Pressure cook soaked chana with bay leaf 6–8 whistles until soft|Heat oil; add bay leaf and cinnamon; add onion; cook until golden (8 min)|Add ginger-garlic paste; cook 2 min; add tomato puree and chole masala; cook 5 min|Add cooked chana with a little cooking liquid; simmer 20 min until gravy thickens|Garnish coriander
Aloo Gobi,1 serving (~300g),Potato 100g (cubed)|Cauliflower 150g (florets)|Onion 60g (sliced)|Tomato 50g (chopped)|Oil 10ml|Cumin seeds 1 tsp|Turmeric ¼ tsp|Coriander powder 1 tsp|Red chilli powder ¼ tsp|Garam masala ¼ tsp|Salt to taste|Fresh coriander 2 tbsp,"Heat oil; add cumin; let splutter; add onion; cook 3 min; add tomato and all dry spices; cook 3 min|Add potatoes; stir to coat; cook covered 5 min|Add cauliflower; mix; cook covered on low 12–15 min, stirring occasionally, until both are tender|Adjust salt; garnish coriander"
Dal Makhani,1 bowl (~250g),Black urad dal (whole) 60g — soaked overnight|Rajma 20g — soaked overnight|Butter 15g|Fresh cream 20ml|Onion 60g (finely chopped)|Tomato 60g (pureed)|Ginger-garlic paste 1 tbsp|Red chilli powder ¼ tsp|Garam masala ½ tsp|Salt to taste,"Pressure cook soaked dal and rajma together 8–10 whistles until very soft|Heat butter; sauté onion until golden; add ginger-garlic paste; cook 2 min|Add tomato puree, red chilli and garam masala; cook 8 min until butter separates|Add cooked dal; mix; simmer 20 min on very low heat, stirring often|Stir in cream; cook 5 more min; adjust salt"
Palak Paneer,1 serving (~250g),Spinach (palak) 150g|Paneer 100g (cubed)|Onion 60g (finely chopped)|Tomato 50g (finely chopped)|Garlic 3 cloves|Ginger 1 tsp|Fresh cream 15ml|Oil 10ml|Cumin seeds ½ tsp|Coriander powder ½ tsp|Red chilli powder ¼ tsp|Garam masala ¼ tsp|Salt to taste,Blanch spinach in boiling water 2 min; drain; blend smooth with garlic and ginger|Heat oil; add cumin; add onion; cook until golden; add tomato and dry spices; cook 5 min|Add spinach puree; simmer 5 min; adjust consistency with water if needed|Add paneer cubes; simmer 3–4 min; stir in cream; serve hot
Masoor Dal,1 bowl (~200g),Red masoor dal 80g|Onion 60g (finely chopped)|Tomato 50g (chopped)|Oil 10ml|Cumin seeds 1 tsp|Turmeric ¼ tsp|Garam masala ¼ tsp|Salt to taste|Fresh coriander 2 tbsp|Lemon juice ½ tsp,"Rinse masoor dal; cook with 3× water, turmeric and salt in a pot 15–18 min (no pressure cooker needed) until soft|Heat oil in a small pan; add cumin; add onion; cook until golden; add tomato; cook 3 min; add garam masala|Mix tadka into cooked dal; simmer together 5 min|Finish with lemon juice and coriander"
Egg Curry,1 serving (3 eggs in gravy),Eggs 3|Onion 80g (finely chopped)|Tomato 80g (pureed)|Ginger-garlic paste 1 tbsp|Oil 10ml|Turmeric ¼ tsp|Coriander powder 1 tsp|Red chilli powder ½ tsp|Garam masala ¼ tsp|Salt to taste|Fresh coriander 2 tbsp,"Hard boil eggs 10 min; cool, peel; make 2–3 shallow cuts on the whites|Heat oil; sauté onion until deep golden (8–10 min)|Add ginger-garlic paste; cook 2 min; add tomato puree and all spices; cook 8 min until oil separates|Add 150ml water; bring to simmer; cook 5 min|Gently add eggs cut-side down; spoon gravy over; simmer 8–10 min|Garnish coriander"
Chicken Curry,1 serving (~200g chicken),Chicken (bone-in or breast) 200g|Onion 80g (finely chopped)|Tomato 80g (pureed)|Ginger-garlic paste 1.5 tbsp|Yogurt 30ml|Oil 12ml|Chicken masala 2 tsp|Turmeric ¼ tsp|Red chilli powder ¼ tsp|Garam masala ¼ tsp|Salt to taste,"Marinate chicken in yogurt, half the spices and salt for 30 min (or overnight in fridge)|Heat oil; brown onion until deep golden; add ginger-garlic paste; cook 2 min|Add tomato puree and remaining spices; cook 8 min until oil separates|Add marinated chicken; brown on all sides 5 min; add 100ml water; cover and cook 20 min on medium|Uncover; cook 5 more min to thicken gravy; adjust seasoning"
Steamed Rice,1 cup cooked (~180g),Basmati or regular rice 80g (dry)|Water 160ml|Salt ¼ tsp (optional),"Rinse rice 2–3 times until water runs clear; soak 15 min (especially for basmati); drain|PRESSURE COOKER: add rice, water and salt; cook 1 whistle on high; reduce to low 5 min; rest 10 min before opening|ABSORPTION METHOD: bring water to boil; add rice and salt; reduce heat to lowest; cover tightly; cook 15 min without lifting lid; rest 5 min; fluff with fork"
Whole Wheat Roti (Chapati),"1 roti (~40g, 6-inch)",Whole wheat flour (atta) 40g|Water ~18ml|Salt a small pinch,"Mix flour and salt; add water gradually; knead to a soft, smooth, non-sticky dough; rest covered 10 min|Dust work surface; roll dough ball into thin 6-inch circle, turning and dusting as needed|Heat tawa on medium-high; place roti on dry tawa; cook 1 min until small bubbles appear; flip|Cook 30 sec; using tongs, hold roti directly over gas flame 5–10 sec per side until it puffs (OR press with cloth on tawa)|Apply a thin smear of ghee while hot (optional); serve immediately"
Banana,1 medium banana (~100g),Banana 1 (100g),"Peel and eat as-is; slice into oats, yogurt or smoothies; freeze overnight for a creamy base"
Apple,1 medium apple (~150g),Apple 1 (150g),Wash well; eat whole or slice; remove core; optional: sprinkle chaat masala or black salt
Orange,1 medium orange (~130g edible portion),Orange 1,Peel and separate segments; eat as-is or juice fresh; best consumed whole (more fibre than juice)
Pomegranate,½ pomegranate (~100g arils),Pomegranate ½,"Score skin into quarters; break apart in a bowl of water; arils sink, skin floats; drain and eat"
Watermelon,"2 slices (~300g with rind, ~200g edible)",Watermelon 2 slices,Slice and eat chilled; optionally sprinkle black salt and chaat masala; great mid-day snack
Muskmelon,1 medium slice (~200g),Muskmelon 1 slice,Remove seeds; peel or scoop flesh; eat chilled; pairs well with lime juice
Chia Seeds,1 tbsp (~12g),Chia seeds 12g,"SOAKING (recommended): mix with 60ml water or milk; let sit 20–30 min until gel forms; eat as-is or add to yogurt/smoothie|DRY: sprinkle on oats, salads or toast — some find dry form harder to digest"
Flaxseed,"1 tbsp (~10g, ground preferred)",Flaxseeds 10g,"GRIND before eating: whole flaxseeds pass through the gut undigested|Add ground flaxseed to yogurt, oats, smoothies, or knead into roti dough|Store ground flaxseed in fridge and use within 2 weeks"
Watermelon Seeds,"2 tbsp (~20g, roasted)",Watermelon seeds 20g|Salt a pinch|Oil a few drops,Dry seeds from fresh watermelon; pat dry|Toss with a few drops oil and salt; roast in oven 180°C for 15 min OR pan-roast on medium heat 8–10 min until lightly golden|Cool completely before eating; crunchy snack high in magnesium
Basil Seeds (Sabja),1 tsp (~5g),Sabja seeds 5g,"ALWAYS soak before consuming: add to 50ml water; seeds swell in 5–10 min into translucent gel|Add soaked seeds to lemonade, chaach, sharbat or yogurt|NEVER eat dry — hard seeds can be a choking hazard"
Almonds,10–12 almonds (~20g),Almonds 20g,SOAKED (recommended): soak overnight in water; peel skin next morning for better digestion and nutrient absorption|RAW: eat as-is; chew thoroughly|Avoid fried or salted varieties
Peanuts,Small handful (~25g),"Peanuts 25g (unsalted, roasted preferred)",Buy roasted unsalted peanuts; eat as-is|Or lightly roast raw peanuts in a dry pan 8 min; cool; rub skins off if desired
Walnuts,4 walnut halves (~15g),Walnuts 15g,Break shell or buy pre-shelled; eat raw — walnuts lose beneficial omega-3 fats when heated|Best consumed in the morning; add to oats or yogurt
Cashews,10 cashews (~15g),Cashews 15g (unsalted),Eat raw or lightly toasted; cashews are calorie-dense — stick to the serving size|Great blended into smoothies for creaminess
Raisins,1 small handful (~30g),Raisins (kishmish) 30g,"Eat as-is; soak in water 20 min for softer texture|Add to oats, poha or kheer; natural sugar source — useful pre-workout"
Cucumber (Raw),1 small cucumber (~100g),Cucumber 1,Wash well; slice with or without skin; sprinkle black salt and chaat masala|Eat as a low-calorie snack between meals
Tomato (Raw),1 medium tomato (~100g),Tomato 1,Wash and slice; eat with salt and pepper; add to salads or sandwiches
Carrot (Raw),1 medium carrot (~80g),Carrot 1,"Peel, wash, cut into sticks; eat as-is or with hummus; high in beta-carotene"
Onion (Raw),"½ medium onion (~50g, as accompaniment)",Onion ½,Peel and slice thin; serve as a side with dal-roti; sprinkle lime juice and salt; eat as a condiment
Beetroot (Raw),½ medium beetroot (~80g),Beetroot ½,"Peel and grate raw or slice thin; toss with lemon, salt and cumin for a quick salad|Or roast: wrap in foil at 200°C for 40 min until fork-tender"
Set Dosa,2 pieces (~150g),Rice 80g|Urad dal 20g|Fenugreek seeds 2g|Oil 10ml|Salt to taste,Soak rice and dal separately for 4 hours|Grind to smooth batter; ferment overnight|Add salt; heat tawa; pour batter; spread into dosa|Cook 2 min; flip; cook 1 min; serve with chutney
Dahi Puri,1 serving (~200g),Potato 80g|Chickpeas 40g|Yoghurt 60g|Chutney 20g|Oil 10ml|Salt to taste,Boil and cube potato|Mix with chickpeas and spices|Arrange on plate; top with yoghurt and chutney|Garnish with sev and coriander; serve
Rava Idli,2 pieces (~150g),Rice 80g|Urad dal 20g|Fenugreek seeds 2g|Oil 10ml|Salt to taste,Soak rice and dal separately for 4 hours|Grind to smooth batter; ferment overnight|Add salt; heat tawa; pour batter; spread into dosa|Cook 2 min; flip; cook 1 min; serve with chutney
Neer Dosa,2 pieces (~150g),Rice 80g|Urad dal 20g|Fenugreek seeds 2g|Oil 10ml|Salt to taste,Soak rice and dal separately for 4 hours|Grind to smooth batter; ferment overnight|Add salt; heat tawa; pour batter; spread into dosa|Cook 2 min; flip; cook 1 min; serve with chutney
Wheat Dosa,2 pieces (~150g),Rice 80g|Urad dal 20g|Fenugreek seeds 2g|Oil 10ml|Salt to taste,Soak rice and dal separately for 4 hours|Grind to smooth batter; ferment overnight|Add salt; heat tawa; pour batter; spread into dosa|Cook 2 min; flip; cook 1 min; serve with chutney
Tomato Uttapam,2 pieces (~150g),Rice 80g|Urad dal 20g|Fenugreek seeds 2g|Oil 10ml|Salt to taste,Soak rice and dal separately for 4 hours|Grind to smooth batter; ferment overnight|Add salt; heat tawa; pour batter; spread into dosa|Cook 2 min; flip; cook 1 min; serve with chutney
Onion Uttapam,2 pieces (~150g),Rice 80g|Urad dal 20g|Fenugreek seeds 2g|Oil 10ml|Salt to taste,Soak rice and dal separately for 4 hours|Grind to smooth batter; ferment overnight|Add salt; heat tawa; pour batter; spread into dosa|Cook 2 min; flip; cook 1 min; serve with chutney
Rava Kesari,1 serving (~200g),Semolina 80g|Yoghurt 40g|Oil 10ml|Mustard seeds 2g|Salt to taste,Roast semolina until fragrant; cool|Mix with yoghurt and water; rest 30 min|Add tempering and salt|Pour into greased moulds; steam 10 min|Demould; serve hot
Meen Curry,1 serving (~200g),Fish fillet 120g|Onion 30g|Tomato 20g|Oil 10ml|Turmeric powder 1g|Salt to taste,Clean and cut fish; marinate with turmeric and salt|Heat oil; fry fish 3 min per side until golden|Add curry gravy if desired; simmer 5 min|Serve with rice or roti
Thalipeeth,1 serving (~200g),Semolina 80g|Yoghurt 40g|Oil 10ml|Mustard seeds 2g|Salt to taste,Roast semolina until fragrant; cool|Mix with yoghurt and water; rest 30 min|Add tempering and salt|Pour into greased moulds; steam 10 min|Demould; serve hot
Kadai Chicken,1 serving (~200g),Chicken breast 120g|Onion 40g|Tomato 30g|Oil 10ml|Ginger 5g|Salt to taste,"Marinate chicken in spices for 15 min|Heat oil; sear chicken 3 min per side|Add onion, tomato gravy; cook 20 min|Garnish; serve hot"
Peas Pulao,1 bowl (~200g),Rice basmati 80g|Oil 10ml|Salt to taste|Water 200ml,Wash rice; soak 15 min|Boil water; add rice and salt|Cook covered 12 min until tender|Fluff with fork; serve
Shami Kebab,1 serving (~200g),Meat mince 120g|Onion 30g|Garlic 5g|Oil 10ml|Garam masala 2g|Salt to taste,Mix minced meat with spices and onion|Shape into patties or cylinders|Grill or pan-fry 4 min per side|Serve with chutney and onion
Ghee Rice,1 bowl (~200g),Rice basmati 80g|Oil 10ml|Salt to taste|Water 200ml,Wash rice; soak 15 min|Boil water; add rice and salt|Cook covered 12 min until tender|Fluff with fork; serve
Avalakki,1 serving (~200g),Semolina 80g|Yoghurt 40g|Oil 10ml|Mustard seeds 2g|Salt to taste,Roast semolina until fragrant; cool|Mix with yoghurt and water; rest 30 min|Add tempering and salt|Pour into greased moulds; steam 10 min|Demould; serve hot
Keema Matar,1 serving (~200g),Meat mince 120g|Onion 30g|Garlic 5g|Oil 10ml|Garam masala 2g|Salt to taste,Mix minced meat with spices and onion|Shape into patties or cylinders|Grill or pan-fry 4 min per side|Serve with chutney and onion
Mysore Bonda,2 pieces (~150g),Rice 80g|Urad dal 20g|Fenugreek seeds 2g|Oil 10ml|Salt to taste,Soak rice and dal separately for 4 hours|Grind to smooth batter; ferment overnight|Add salt; heat tawa; pour batter; spread into dosa|Cook 2 min; flip; cook 1 min; serve with chutney
Moong Dal Khichdi,1 serving (~200g),Semolina 80g|Yoghurt 40g|Oil 10ml|Mustard seeds 2g|Salt to taste,Roast semolina until fragrant; cool|Mix with yoghurt and water; rest 30 min|Add tempering and salt|Pour into greased moulds; steam 10 min|Demould; serve hot
Methi Rice,1 bowl (~200g),Rice basmati 80g|Oil 10ml|Salt to taste|Water 200ml,Wash rice; soak 15 min|Boil water; add rice and salt|Cook covered 12 min until tender|Fluff with fork; serve
Fish Moilee,1 serving (~200g),Fish fillet 120g|Onion 30g|Tomato 20g|Oil 10ml|Turmeric powder 1g|Salt to taste,Clean and cut fish; marinate with turmeric and salt|Heat oil; fry fish 3 min per side until golden|Add curry gravy if desired; simmer 5 min|Serve with rice or roti
Ragi Dosa,2 pieces (~150g),Rice 80g|Urad dal 20g|Fenugreek seeds 2g|Oil 10ml|Salt to taste,Soak rice and dal separately for 4 hours|Grind to smooth batter; ferment overnight|Add salt; heat tawa; pour batter; spread into dosa|Cook 2 min; flip; cook 1 min; serve with chutney
Chicken Korma,1 serving (~200g),Chicken breast 120g|Onion 40g|Tomato 30g|Oil 10ml|Ginger 5g|Salt to taste,"Marinate chicken in spices for 15 min|Heat oil; sear chicken 3 min per side|Add onion, tomato gravy; cook 20 min|Garnish; serve hot"
Mint Pulao,1 bowl (~200g),Rice basmati 80g|Oil 10ml|Salt to taste|Water 200ml,Wash rice; soak 15 min|Boil water; add rice and salt|Cook covered 12 min until tender|Fluff with fork; serve
Coconut Chutney,1 serving (~200g),Mixed vegetables 150g|Oil 5ml|Lemon juice 10ml|Salt to taste,"Wash and chop vegetables|Mix with oil, lemon and spices|Toss well; serve fresh"
Prawn Malai Curry,1 serving (~200g),Fish fillet 120g|Onion 30g|Tomato 20g|Oil 10ml|Turmeric powder 1g|Salt to taste,Clean and cut fish; marinate with turmeric and salt|Heat oil; fry fish 3 min per side until golden|Add curry gravy if desired; simmer 5 min|Serve with rice or roti
Misal Pav,1 serving (~200g),Potato 80g|Chickpeas 40g|Yoghurt 60g|Chutney 20g|Oil 10ml|Salt to taste,Boil and cube potato|Mix with chickpeas and spices|Arrange on plate; top with yoghurt and chutney|Garnish with sev and coriander; serve
Pudina Chutney,1 serving (~200g),Mixed vegetables 150g|Oil 5ml|Lemon juice 10ml|Salt to taste,"Wash and chop vegetables|Mix with oil, lemon and spices|Toss well; serve fresh"
Aloo Posto,1 serving (~200g),Vegetable 150g|Onion 40g|Tomato 30g|Oil 10ml|Cumin seeds 2g|Salt to taste,"Wash and chop vegetables|Heat oil; temper cumin and spices|Add onion, tomato; sauté 3 min|Add vegetables; cook covered 15 min|Serve hot"
Puttu,2 pieces (~150g),Rice 80g|Urad dal 20g|Fenugreek seeds 2g|Oil 10ml|Salt to taste,Soak rice and dal separately for 4 hours|Grind to smooth batter; ferment overnight|Add salt; heat tawa; pour batter; spread into dosa|Cook 2 min; flip; cook 1 min; serve with chutney
Khaman Dhokla,1 serving (~200g),Semolina 80g|Yoghurt 40g|Oil 10ml|Mustard seeds 2g|Salt to taste,Roast semolina until fragrant; cool|Mix with yoghurt and water; rest 30 min|Add tempering and salt|Pour into greased moulds; steam 10 min|Demould; serve hot
Hydrabadi Biryani,1 bowl (~200g),Rice basmati 80g|Oil 10ml|Salt to taste|Water 200ml,Wash rice; soak 15 min|Boil water; add rice and salt|Cook covered 12 min until tender|Fluff with fork; serve
Aloo Matar,1 serving (~200g),Vegetable 150g|Onion 40g|Tomato 30g|Oil 10ml|Cumin seeds 2g|Salt to taste,"Wash and chop vegetables|Heat oil; temper cumin and spices|Add onion, tomato; sauté 3 min|Add vegetables; cook covered 15 min|Serve hot"
Kanda Poha,1 serving (~200g),Semolina 80g|Yoghurt 40g|Oil 10ml|Mustard seeds 2g|Salt to taste,Roast semolina until fragrant; cool|Mix with yoghurt and water; rest 30 min|Add tempering and salt|Pour into greased moulds; steam 10 min|Demould; serve hot
Methi Muthia,1 serving (~200g),Semolina 80g|Yoghurt 40g|Oil 10ml|Mustard seeds 2g|Salt to taste,Roast semolina until fragrant; cool|Mix with yoghurt and water; rest 30 min|Add tempering and salt|Pour into greased moulds; steam 10 min|Demould; serve hot
Lucknowi Biryani,1 bowl (~200g),Rice basmati 80g|Oil 10ml|Salt to taste|Water 200ml,Wash rice; soak 15 min|Boil water; add rice and salt|Cook covered 12 min until tender|Fluff with fork; serve
Aloo Palak,1 serving (~200g),Vegetable 150g|Onion 40g|Tomato 30g|Oil 10ml|Cumin seeds 2g|Salt to taste,"Wash and chop vegetables|Heat oil; temper cumin and spices|Add onion, tomato; sauté 3 min|Add vegetables; cook covered 15 min|Serve hot"
Prawn Balchao,1 serving (~200g),Fish fillet 120g|Onion 30g|Tomato 20g|Oil 10ml|Turmeric powder 1g|Salt to taste,Clean and cut fish; marinate with turmeric and salt|Heat oil; fry fish 3 min per side until golden|Add curry gravy if desired; simmer 5 min|Serve with rice or roti
Ragi Idli,2 pieces (~150g),Rice 80g|Urad dal 20g|Fenugreek seeds 2g|Oil 10ml|Salt to taste,Soak rice and dal separately for 4 hours|Grind to smooth batter; ferment overnight|Add salt; heat tawa; pour batter; spread into dosa|Cook 2 min; flip; cook 1 min; serve with chutney
Kashmiri Aloo,1 serving (~200g),Vegetable 150g|Onion 40g|Tomato 30g|Oil 10ml|Cumin seeds 2g|Salt to taste,"Wash and chop vegetables|Heat oil; temper cumin and spices|Add onion, tomato; sauté 3 min|Add vegetables; cook covered 15 min|Serve hot"
Galouti Kebab,1 serving (~200g),Meat mince 120g|Onion 30g|Garlic 5g|Oil 10ml|Garam masala 2g|Salt to taste,Mix minced meat with spices and onion|Shape into patties or cylinders|Grill or pan-fry 4 min per side|Serve with chutney and onion
Makki Di Roti,2 pieces (~150g),Wheat flour 80g|Oil 10ml|Salt to taste,Knead flour with water and salt to stiff dough|Rest 15 min|Divide; roll into thin flatbreads|Cook on hot tawa 1 min per side; serve
Sabudana Vada,1 serving (~200g),Semolina 80g|Yoghurt 40g|Oil 10ml|Mustard seeds 2g|Salt to taste,Roast semolina until fragrant; cool|Mix with yoghurt and water; rest 30 min|Add tempering and salt|Pour into greased moulds; steam 10 min|Demould; serve hot
Laal Maas,1 serving (~200g),Meat mince 120g|Onion 30g|Garlic 5g|Oil 10ml|Garam masala 2g|Salt to taste,Mix minced meat with spices and onion|Shape into patties or cylinders|Grill or pan-fry 4 min per side|Serve with chutney and onion
Green Moong Dal,1 serving (~200g),Dal 80g|Onion 40g|Tomato 30g|Oil 10ml|Cumin seeds 2g|Salt to taste,"Wash and soak dal for 30 min|Pressure cook dal with turmeric until soft|Temper cumin, onion, tomato in oil|Add to dal; simmer 10 min; serve"
Egg Frankie,1 serving (~200g),Potato 80g|Chickpeas 40g|Yoghurt 60g|Chutney 20g|Oil 10ml|Salt to taste,Boil and cube potato|Mix with chickpeas and spices|Arrange on plate; top with yoghurt and chutney|Garnish with sev and coriander; serve
Gobi Matar,1 serving (~200g),Vegetable 150g|Onion 40g|Tomato 30g|Oil 10ml|Cumin seeds 2g|Salt to taste,"Wash and chop vegetables|Heat oil; temper cumin and spices|Add onion, tomato; sauté 3 min|Add vegetables; cook covered 15 min|Serve hot"
Bangers and Mash,1 serving (~200g),Meat mince 120g|Onion 30g|Garlic 5g|Oil 10ml|Garam masala 2g|Salt to taste,Mix minced meat with spices and onion|Shape into patties or cylinders|Grill or pan-fry 4 min per side|Serve with chutney and onion
Bajra Roti,2 pieces (~150g),Wheat flour 80g|Oil 10ml|Salt to taste,Knead flour with water and salt to stiff dough|Rest 15 min|Divide; roll into thin flatbreads|Cook on hot tawa 1 min per side; serve
Chicken Vindaloo,1 serving (~200g),Chicken breast 120g|Onion 40g|Tomato 30g|Oil 10ml|Ginger 5g|Salt to taste,"Marinate chicken in spices for 15 min|Heat oil; sear chicken 3 min per side|Add onion, tomato gravy; cook 20 min|Garnish; serve hot"
Nicoise Salad,1 serving (~200g),Mixed vegetables 150g|Oil 5ml|Lemon juice 10ml|Salt to taste,"Wash and chop vegetables|Mix with oil, lemon and spices|Toss well; serve fresh"
Dahi Aloo,1 serving (~200g),Vegetable 150g|Onion 40g|Tomato 30g|Oil 10ml|Cumin seeds 2g|Salt to taste,"Wash and chop vegetables|Heat oil; temper cumin and spices|Add onion, tomato; sauté 3 min|Add vegetables; cook covered 15 min|Serve hot"
Jowar Roti,2 pieces (~150g),Wheat flour 80g|Oil 10ml|Salt to taste,Knead flour with water and salt to stiff dough|Rest 15 min|Divide; roll into thin flatbreads|Cook on hot tawa 1 min per side; serve
Pumpkin Soup,1 cup (~250ml),Vegetable 150g|Water 250ml|Oil 5ml|Salt to taste|Black pepper powder 1g,Chop vegetables|Heat oil; sauté onion and garlic|Add vegetables and stock; boil|Simmer 20 min; blend if desired|Season; serve hot
Grilled Salmon,1 serving (~200g),Fish fillet 120g|Onion 30g|Tomato 20g|Oil 10ml|Turmeric powder 1g|Salt to taste,Clean and cut fish; marinate with turmeric and salt|Heat oil; fry fish 3 min per side until golden|Add curry gravy if desired; simmer 5 min|Serve with rice or roti
Egg Pulao,1 bowl (~200g),Rice basmati 80g|Oil 10ml|Salt to taste|Water 200ml,Wash rice; soak 15 min|Boil water; add rice and salt|Cook covered 12 min until tender|Fluff with fork; serve
Kulfi,1 serving (~200g),Mixed vegetables 150g|Oil 5ml|Lemon juice 10ml|Salt to taste,"Wash and chop vegetables|Mix with oil, lemon and spices|Toss well; serve fresh"
Wonton Soup,1 cup (~250ml),Vegetable 150g|Water 250ml|Oil 5ml|Salt to taste|Black pepper powder 1g,Chop vegetables|Heat oil; sauté onion and garlic|Add vegetables and stock; boil|Simmer 20 min; blend if desired|Season; serve hot
Kulcha,2 pieces (~150g),Wheat flour 80g|Oil 10ml|Salt to taste,Knead flour with water and salt to stiff dough|Rest 15 min|Divide; roll into thin flatbreads|Cook on hot tawa 1 min per side; serve
Cream of Mushroom Soup,1 cup (~250ml),Vegetable 150g|Water 250ml|Oil 5ml|Salt to taste|Black pepper powder 1g,Chop vegetables|Heat oil; sauté onion and garlic|Add vegetables and stock; boil|Simmer 20 min; blend if desired|Season; serve hot
Egg Keema,1 serving (~200g),Eggs whole 2|Onion 30g|Oil 10ml|Salt to taste|Black pepper powder 1g,Beat eggs with salt and pepper|Heat oil; sauté onion until soft|Pour eggs; cook 2 min; fold|Cook 1 min more; serve hot
Steak Diane,1 serving (~200g),Meat mince 120g|Onion 30g|Garlic 5g|Oil 10ml|Garam masala 2g|Salt to taste,Mix minced meat with spices and onion|Shape into patties or cylinders|Grill or pan-fry 4 min per side|Serve with chutney and onion
Roomali Roti,2 pieces (~150g),Wheat flour 80g|Oil 10ml|Salt to taste,Knead flour with water and salt to stiff dough|Rest 15 min|Divide; roll into thin flatbreads|Cook on hot tawa 1 min per side; serve
Garlic Chicken,1 serving (~200g),Chicken breast 120g|Onion 40g|Tomato 30g|Oil 10ml|Ginger 5g|Salt to taste,"Marinate chicken in spices for 15 min|Heat oil; sear chicken 3 min per side|Add onion, tomato gravy; cook 20 min|Garnish; serve hot"
Wiener Schnitzel,1 serving (~200g),Meat mince 120g|Onion 30g|Garlic 5g|Oil 10ml|Garam masala 2g|Salt to taste,Mix minced meat with spices and onion|Shape into patties or cylinders|Grill or pan-fry 4 min per side|Serve with chutney and onion
Manchow Soup,1 cup (~250ml),Vegetable 150g|Water 250ml|Oil 5ml|Salt to taste|Black pepper powder 1g,Chop vegetables|Heat oil; sauté onion and garlic|Add vegetables and stock; boil|Simmer 20 min; blend if desired|Season; serve hot
Egg Toast,1 serving (~200g),Bread whole wheat 2 slices|Butter 10g|Salt to taste,Toast bread until golden|Spread butter or filling|Serve immediately
French Onion Soup,1 cup (~250ml),Vegetable 150g|Water 250ml|Oil 5ml|Salt to taste|Black pepper powder 1g,Chop vegetables|Heat oil; sauté onion and garlic|Add vegetables and stock; boil|Simmer 20 min; blend if desired|Season; serve hot
Kala Chana,1 serving (~200g),Dal 80g|Onion 40g|Tomato 30g|Oil 10ml|Cumin seeds 2g|Salt to taste,"Wash and soak dal for 30 min|Pressure cook dal with turmeric until soft|Temper cumin, onion, tomato in oil|Add to dal; simmer 10 min; serve"
Sweet and Sour Chicken,1 serving (~200g),Chicken breast 120g|Onion 40g|Tomato 30g|Oil 10ml|Ginger 5g|Salt to taste,"Marinate chicken in spices for 15 min|Heat oil; sear chicken 3 min per side|Add onion, tomato gravy; cook 20 min|Garnish; serve hot"
Shepherds Pie,1 serving (~200g),Meat mince 120g|Onion 30g|Garlic 5g|Oil 10ml|Garam masala 2g|Salt to taste,Mix minced meat with spices and onion|Shape into patties or cylinders|Grill or pan-fry 4 min per side|Serve with chutney and onion
Jeera Aloo,1 serving (~200g),Vegetable 150g|Onion 40g|Tomato 30g|Oil 10ml|Cumin seeds 2g|Salt to taste,"Wash and chop vegetables|Heat oil; temper cumin and spices|Add onion, tomato; sauté 3 min|Add vegetables; cook covered 15 min|Serve hot"
Falooda,1 serving (~200g),Mixed vegetables 150g|Oil 5ml|Lemon juice 10ml|Salt to taste,"Wash and chop vegetables|Mix with oil, lemon and spices|Toss well; serve fresh"
Mutabbal,1 serving (~200g),Mixed vegetables 150g|Oil 5ml|Lemon juice 10ml|Salt to taste,"Wash and chop vegetables|Mix with oil, lemon and spices|Toss well; serve fresh"
Kung Pao Chicken,1 serving (~200g),Chicken breast 120g|Onion 40g|Tomato 30g|Oil 10ml|Ginger 5g|Salt to taste,"Marinate chicken in spices for 15 min|Heat oil; sear chicken 3 min per side|Add onion, tomato gravy; cook 20 min|Garnish; serve hot"
Scrambled Eggs,1 serving (~200g),Eggs whole 2|Onion 30g|Oil 10ml|Salt to taste|Black pepper powder 1g,Beat eggs with salt and pepper|Heat oil; sauté onion until soft|Pour eggs; cook 2 min; fold|Cook 1 min more; serve hot
Onigiri,1 serving (~200g),Mixed vegetables 150g|Oil 5ml|Lemon juice 10ml|Salt to taste,"Wash and chop vegetables|Mix with oil, lemon and spices|Toss well; serve fresh"
Phool Gobi,1 serving (~200g),Vegetable 150g|Onion 40g|Tomato 30g|Oil 10ml|Cumin seeds 2g|Salt to taste,"Wash and chop vegetables|Heat oil; temper cumin and spices|Add onion, tomato; sauté 3 min|Add vegetables; cook covered 15 min|Serve hot"
Cobb Salad,1 serving (~200g),Mixed vegetables 150g|Oil 5ml|Lemon juice 10ml|Salt to taste,"Wash and chop vegetables|Mix with oil, lemon and spices|Toss well; serve fresh"
Dim Sum,1 serving (~200g),Mixed vegetables 150g|Oil 5ml|Lemon juice 10ml|Salt to taste,"Wash and chop vegetables|Mix with oil, lemon and spices|Toss well; serve fresh"
Lamb Chops,1 serving (~200g),Meat mince 120g|Onion 30g|Garlic 5g|Oil 10ml|Garam masala 2g|Salt to taste,Mix minced meat with spices and onion|Shape into patties or cylinders|Grill or pan-fry 4 min per side|Serve with chutney and onion
Curd Rice,1 bowl (~200g),Rice basmati 80g|Oil 10ml|Salt to taste|Water 200ml,Wash rice; soak 15 min|Boil water; add rice and salt|Cook covered 12 min until tender|Fluff with fork; serve
Muhammara,1 serving (~200g),Mixed vegetables 150g|Oil 5ml|Lemon juice 10ml|Salt to taste,"Wash and chop vegetables|Mix with oil, lemon and spices|Toss well; serve fresh"
Omelette,1 serving (~200g),Eggs whole 2|Onion 30g|Oil 10ml|Salt to taste|Black pepper powder 1g,Beat eggs with salt and pepper|Heat oil; sauté onion until soft|Pour eggs; cook 2 min; fold|Cook 1 min more; serve hot
Lemon Chicken,1 serving (~200g),Chicken breast 120g|Onion 40g|Tomato 30g|Oil 10ml|Ginger 5g|Salt to taste,"Marinate chicken in spices for 15 min|Heat oil; sear chicken 3 min per side|Add onion, tomato gravy; cook 20 min|Garnish; serve hot"
Gyoza,1 serving (~200g),Mixed vegetables 150g|Oil 5ml|Lemon juice 10ml|Salt to taste,"Wash and chop vegetables|Mix with oil, lemon and spices|Toss well; serve fresh"
Boiled Eggs,1 serving (~200g),Eggs whole 2|Onion 30g|Oil 10ml|Salt to taste|Black pepper powder 1g,Beat eggs with salt and pepper|Heat oil; sauté onion until soft|Pour eggs; cook 2 min; fold|Cook 1 min more; serve hot
Gajar Ka Halwa,1 serving (~200g),Mixed vegetables 150g|Oil 5ml|Lemon juice 10ml|Salt to taste,"Wash and chop vegetables|Mix with oil, lemon and spices|Toss well; serve fresh"
Ratatouille,1 serving (~200g),Vegetable 150g|Onion 40g|Tomato 30g|Oil 10ml|Cumin seeds 2g|Salt to taste,"Wash and chop vegetables|Heat oil; temper cumin and spices|Add onion, tomato; sauté 3 min|Add vegetables; cook covered 15 min|Serve hot"
Burrito Bowl,1 bowl (~200g),Rice basmati 80g|Oil 10ml|Salt to taste|Water 200ml,Wash rice; soak 15 min|Boil water; add rice and salt|Cook covered 12 min until tender|Fluff with fork; serve
Yakitori,1 serving (~200g),Chicken breast 120g|Onion 40g|Tomato 30g|Oil 10ml|Ginger 5g|Salt to taste,"Marinate chicken in spices for 15 min|Heat oil; sear chicken 3 min per side|Add onion, tomato gravy; cook 20 min|Garnish; serve hot"
Lauki Kofta,1 serving (~200g),Vegetable 150g|Onion 40g|Tomato 30g|Oil 10ml|Cumin seeds 2g|Salt to taste,"Wash and chop vegetables|Heat oil; temper cumin and spices|Add onion, tomato; sauté 3 min|Add vegetables; cook covered 15 min|Serve hot"
Dolma,1 serving (~200g),Vegetable 150g|Onion 40g|Tomato 30g|Oil 10ml|Cumin seeds 2g|Salt to taste,"Wash and chop vegetables|Heat oil; temper cumin and spices|Add onion, tomato; sauté 3 min|Add vegetables; cook covered 15 min|Serve hot"
Sweet and Sour Pork,1 serving (~200g),Meat mince 120g|Onion 30g|Garlic 5g|Oil 10ml|Garam masala 2g|Salt to taste,Mix minced meat with spices and onion|Shape into patties or cylinders|Grill or pan-fry 4 min per side|Serve with chutney and onion
Egg Cutlet,1 serving (~200g),Vegetable 150g|Onion 40g|Tomato 30g|Oil 10ml|Cumin seeds 2g|Salt to taste,"Wash and chop vegetables|Heat oil; temper cumin and spices|Add onion, tomato; sauté 3 min|Add vegetables; cook covered 15 min|Serve hot"
Baklava,1 serving (~200g),Mixed vegetables 150g|Oil 5ml|Lemon juice 10ml|Salt to taste,"Wash and chop vegetables|Mix with oil, lemon and spices|Toss well; serve fresh"
Hummus Bowl,1 serving (~200g),Mixed vegetables 150g|Oil 5ml|Lemon juice 10ml|Salt to taste,"Wash and chop vegetables|Mix with oil, lemon and spices|Toss well; serve fresh"
Miso Glazed Salmon,1 serving (~200g),Fish fillet 120g|Onion 30g|Tomato 20g|Oil 10ml|Turmeric powder 1g|Salt to taste,Clean and cut fish; marinate with turmeric and salt|Heat oil; fry fish 3 min per side until golden|Add curry gravy if desired; simmer 5 min|Serve with rice or roti
Gulab Jamun,1 serving (~200g),Mixed vegetables 150g|Oil 5ml|Lemon juice 10ml|Salt to taste,"Wash and chop vegetables|Mix with oil, lemon and spices|Toss well; serve fresh"
Quiche Lorraine,1 serving (~200g),Eggs whole 2|Onion 30g|Oil 10ml|Salt to taste|Black pepper powder 1g,Beat eggs with salt and pepper|Heat oil; sauté onion until soft|Pour eggs; cook 2 min; fold|Cook 1 min more; serve hot
Congee,1 serving (~200g),Semolina 80g|Yoghurt 40g|Oil 10ml|Mustard seeds 2g|Salt to taste,Roast semolina until fragrant; cool|Mix with yoghurt and water; rest 30 min|Add tempering and salt|Pour into greased moulds; steam 10 min|Demould; serve hot
Knafeh,1 serving (~200g),Mixed vegetables 150g|Oil 5ml|Lemon juice 10ml|Salt to taste,"Wash and chop vegetables|Mix with oil, lemon and spices|Toss well; serve fresh"
Acai Bowl,1 serving (~200g),Mixed fruits 200g|Honey 10g|Nuts 10g,Wash and chop fruits|Arrange in bowl|Drizzle honey; sprinkle nuts; serve
Pork Ribs,1 serving (~200g),Meat mince 120g|Onion 30g|Garlic 5g|Oil 10ml|Garam masala 2g|Salt to taste,Mix minced meat with spices and onion|Shape into patties or cylinders|Grill or pan-fry 4 min per side|Serve with chutney and onion
Mapo Tofu,1 serving (~200g),Vegetable 150g|Onion 40g|Tomato 30g|Oil 10ml|Cumin seeds 2g|Salt to taste,"Wash and chop vegetables|Heat oil; temper cumin and spices|Add onion, tomato; sauté 3 min|Add vegetables; cook covered 15 min|Serve hot"
Soba Noodles,1 serving (~200g),Pasta penne 80g|Tomato 40g|Oil 10ml|Garlic 5g|Salt to taste,Boil pasta in salted water 10 min|Drain; reserve some water|Heat oil; sauté garlic and tomato|Toss pasta with sauce; serve
Rasmalai,1 serving (~200g),Mixed vegetables 150g|Oil 5ml|Lemon juice 10ml|Salt to taste,"Wash and chop vegetables|Mix with oil, lemon and spices|Toss well; serve fresh"
Lamb Kofta,1 serving (~200g),Meat mince 120g|Onion 30g|Garlic 5g|Oil 10ml|Garam masala 2g|Salt to taste,Mix minced meat with spices and onion|Shape into patties or cylinders|Grill or pan-fry 4 min per side|Serve with chutney and onion
Egg Kofta,1 serving (~200g),Vegetable 150g|Onion 40g|Tomato 30g|Oil 10ml|Cumin seeds 2g|Salt to taste,"Wash and chop vegetables|Heat oil; temper cumin and spices|Add onion, tomato; sauté 3 min|Add vegetables; cook covered 15 min|Serve hot"
Falafel Bowl,1 serving (~200g),Mixed vegetables 150g|Oil 5ml|Lemon juice 10ml|Salt to taste,"Wash and chop vegetables|Mix with oil, lemon and spices|Toss well; serve fresh"
Peking Duck,1 serving (~200g),Chicken breast 120g|Onion 40g|Tomato 30g|Oil 10ml|Ginger 5g|Salt to taste,"Marinate chicken in spices for 15 min|Heat oil; sear chicken 3 min per side|Add onion, tomato gravy; cook 20 min|Garnish; serve hot"
Udon Noodles,1 serving (~200g),Pasta penne 80g|Tomato 40g|Oil 10ml|Garlic 5g|Salt to taste,Boil pasta in salted water 10 min|Drain; reserve some water|Heat oil; sauté garlic and tomato|Toss pasta with sauce; serve
Karela Masala,1 serving (~200g),Vegetable 150g|Onion 40g|Tomato 30g|Oil 10ml|Cumin seeds 2g|Salt to taste,"Wash and chop vegetables|Heat oil; temper cumin and spices|Add onion, tomato; sauté 3 min|Add vegetables; cook covered 15 min|Serve hot"
Fish and Chips,1 serving (~200g),Fish fillet 120g|Onion 30g|Tomato 20g|Oil 10ml|Turmeric powder 1g|Salt to taste,Clean and cut fish; marinate with turmeric and salt|Heat oil; fry fish 3 min per side until golden|Add curry gravy if desired; simmer 5 min|Serve with rice or roti
Moong Dal Halwa,1 serving (~200g),Mixed vegetables 150g|Oil 5ml|Lemon juice 10ml|Salt to taste,"Wash and chop vegetables|Mix with oil, lemon and spices|Toss well; serve fresh"
Mujaddara,1 bowl (~200g),Rice basmati 80g|Oil 10ml|Salt to taste|Water 200ml,Wash rice; soak 15 min|Boil water; add rice and salt|Cook covered 12 min until tender|Fluff with fork; serve
Char Siu,1 serving (~200g),Meat mince 120g|Onion 30g|Garlic 5g|Oil 10ml|Garam masala 2g|Salt to taste,Mix minced meat with spices and onion|Shape into patties or cylinders|Grill or pan-fry 4 min per side|Serve with chutney and onion
Buddha Bowl,1 serving (~200g),Mixed vegetables 150g|Oil 5ml|Lemon juice 10ml|Salt to taste,"Wash and chop vegetables|Mix with oil, lemon and spices|Toss well; serve fresh"
Yakisoba,1 serving (~200g),Pasta penne 80g|Tomato 40g|Oil 10ml|Garlic 5g|Salt to taste,Boil pasta in salted water 10 min|Drain; reserve some water|Heat oil; sauté garlic and tomato|Toss pasta with sauce; serve
Egg Bhurji,1 serving (~200g),Eggs whole 2|Onion 30g|Oil 10ml|Salt to taste|Black pepper powder 1g,Beat eggs with salt and pepper|Heat oil; sauté onion until soft|Pour eggs; cook 2 min; fold|Cook 1 min more; serve hot
Beef Bourguignon,1 serving (~200g),Meat mince 120g|Onion 30g|Garlic 5g|Oil 10ml|Garam masala 2g|Salt to taste,Mix minced meat with spices and onion|Shape into patties or cylinders|Grill or pan-fry 4 min per side|Serve with chutney and onion
Chilli Garlic Noodles,1 serving (~200g),Pasta penne 80g|Tomato 40g|Oil 10ml|Garlic 5g|Salt to taste,Boil pasta in salted water 10 min|Drain; reserve some water|Heat oil; sauté garlic and tomato|Toss pasta with sauce; serve
Grain Bowl,1 serving (~200g),Mixed vegetables 150g|Oil 5ml|Lemon juice 10ml|Salt to taste,"Wash and chop vegetables|Mix with oil, lemon and spices|Toss well; serve fresh"
Chicken Katsu,1 serving (~200g),Chicken breast 120g|Onion 40g|Tomato 30g|Oil 10ml|Ginger 5g|Salt to taste,"Marinate chicken in spices for 15 min|Heat oil; sear chicken 3 min per side|Add onion, tomato gravy; cook 20 min|Garnish; serve hot"
Badam Milk,1 cup (~250ml),Milk 200ml|Sugar 10g|Cardamom powder 1g,Boil milk with spices|Add sugar; stir until dissolved|Strain; serve hot or chilled
Egg Patty,1 serving (~200g),Potato 80g|Chickpeas 40g|Yoghurt 60g|Chutney 20g|Oil 10ml|Salt to taste,Boil and cube potato|Mix with chickpeas and spices|Arrange on plate; top with yoghurt and chutney|Garnish with sev and coriander; serve
Dum Aloo,1 serving (~200g),Vegetable 150g|Onion 40g|Tomato 30g|Oil 10ml|Cumin seeds 2g|Salt to taste,"Wash and chop vegetables|Heat oil; temper cumin and spices|Add onion, tomato; sauté 3 min|Add vegetables; cook covered 15 min|Serve hot"
Beef Wellington,1 serving (~200g),Meat mince 120g|Onion 30g|Garlic 5g|Oil 10ml|Garam masala 2g|Salt to taste,Mix minced meat with spices and onion|Shape into patties or cylinders|Grill or pan-fry 4 min per side|Serve with chutney and onion
Egg Sandwich,1 serving (~200g),Bread whole wheat 2 slices|Butter 10g|Salt to taste,Toast bread until golden|Spread butter or filling|Serve immediately
Sweet Lassi,1 cup (~250ml),Milk 200ml|Sugar 10g|Cardamom powder 1g,Boil milk with spices|Add sugar; stir until dissolved|Strain; serve hot or chilled
Maqluba,1 bowl (~200g),Rice basmati 80g|Oil 10ml|Salt to taste|Water 200ml,Wash rice; soak 15 min|Boil water; add rice and salt|Cook covered 12 min until tender|Fluff with fork; serve
Bhindi Do Pyaza,1 serving (~200g),Vegetable 150g|Onion 40g|Tomato 30g|Oil 10ml|Cumin seeds 2g|Salt to taste,"Wash and chop vegetables|Heat oil; temper cumin and spices|Add onion, tomato; sauté 3 min|Add vegetables; cook covered 15 min|Serve hot"
Egg Vada,2 pieces (~150g),Rice 80g|Urad dal 20g|Fenugreek seeds 2g|Oil 10ml|Salt to taste,Soak rice and dal separately for 4 hours|Grind to smooth batter; ferment overnight|Add salt; heat tawa; pour batter; spread into dosa|Cook 2 min; flip; cook 1 min; serve with chutney
Masala Chai,1 cup (~250ml),Milk 200ml|Sugar 10g|Cardamom powder 1g,Boil milk with spices|Add sugar; stir until dissolved|Strain; serve hot or chilled
Egg Roll,2 pieces (~150g),Wheat flour 80g|Oil 10ml|Salt to taste,Knead flour with water and salt to stiff dough|Rest 15 min|Divide; roll into thin flatbreads|Cook on hot tawa 1 min per side; serve
Triple Schezwan Rice,1 bowl (~200g),Rice basmati 80g|Oil 10ml|Salt to taste|Water 200ml,Wash rice; soak 15 min|Boil water; add rice and salt|Cook covered 12 min until tender|Fluff with fork; serve
Tuna Salad,1 serving (~200g),Mixed vegetables 150g|Oil 5ml|Lemon juice 10ml|Salt to taste,"Wash and chop vegetables|Mix with oil, lemon and spices|Toss well; serve fresh"
Paneer Korma,1 serving (~200g),Paneer 100g|Tomato 40g|Onion 30g|Cream 20ml|Oil 10ml|Salt to taste,"Cube paneer; set aside|Blend tomato, onion and spices to gravy|Cook gravy 10 min; add paneer|Simmer 5 min; add cream; serve"
Jaljeera,1 cup (~250ml),Milk 200ml|Sugar 10g|Cardamom powder 1g,Boil milk with spices|Add sugar; stir until dissolved|Strain; serve hot or chilled
Egg Korma,1 serving (~200g),Eggs whole 2|Onion 30g|Oil 10ml|Salt to taste|Black pepper powder 1g,Beat eggs with salt and pepper|Heat oil; sauté onion until soft|Pour eggs; cook 2 min; fold|Cook 1 min more; serve hot
Bharwa Karela,1 serving (~200g),Vegetable 150g|Onion 40g|Tomato 30g|Oil 10ml|Cumin seeds 2g|Salt to taste,"Wash and chop vegetables|Heat oil; temper cumin and spices|Add onion, tomato; sauté 3 min|Add vegetables; cook covered 15 min|Serve hot"
Kibbeh,1 serving (~200g),Meat mince 120g|Onion 30g|Garlic 5g|Oil 10ml|Garam masala 2g|Salt to taste,Mix minced meat with spices and onion|Shape into patties or cylinders|Grill or pan-fry 4 min per side|Serve with chutney and onion
Tonkatsu,1 serving (~200g),Meat mince 120g|Onion 30g|Garlic 5g|Oil 10ml|Garam masala 2g|Salt to taste,Mix minced meat with spices and onion|Shape into patties or cylinders|Grill or pan-fry 4 min per side|Serve with chutney and onion
Osso Buco,1 serving (~200g),Meat mince 120g|Onion 30g|Garlic 5g|Oil 10ml|Garam masala 2g|Salt to taste,Mix minced meat with spices and onion|Shape into patties or cylinders|Grill or pan-fry 4 min per side|Serve with chutney and onion
Egg Spring Roll,1 serving (~200g),Potato 80g|Chickpeas 40g|Yoghurt 60g|Chutney 20g|Oil 10ml|Salt to taste,Boil and cube potato|Mix with chickpeas and spices|Arrange on plate; top with yoghurt and chutney|Garnish with sev and coriander; serve
Aam Panna,1 cup (~250ml),Milk 200ml|Sugar 10g|Cardamom powder 1g,Boil milk with spices|Add sugar; stir until dissolved|Strain; serve hot or chilled
Paneer Pasanda,1 serving (~200g),Paneer 100g|Tomato 40g|Onion 30g|Cream 20ml|Oil 10ml|Salt to taste,"Cube paneer; set aside|Blend tomato, onion and spices to gravy|Cook gravy 10 min; add paneer|Simmer 5 min; add cream; serve"
Veg Kolhapuri,1 serving (~200g),Vegetable 150g|Onion 40g|Tomato 30g|Oil 10ml|Cumin seeds 2g|Salt to taste,"Wash and chop vegetables|Heat oil; temper cumin and spices|Add onion, tomato; sauté 3 min|Add vegetables; cook covered 15 min|Serve hot"
Egg Paratha,2 pieces (~150g),Wheat flour 80g|Oil 10ml|Salt to taste,Knead flour with water and salt to stiff dough|Rest 15 min|Divide; roll into thin flatbreads|Cook on hot tawa 1 min per side; serve
Turkey Sandwich,1 serving (~200g),Bread whole wheat 2 slices|Butter 10g|Salt to taste,Toast bread until golden|Spread butter or filling|Serve immediately
Navratan Korma,1 serving (~200g),Vegetable 150g|Onion 40g|Tomato 30g|Oil 10ml|Cumin seeds 2g|Salt to taste,"Wash and chop vegetables|Heat oil; temper cumin and spices|Add onion, tomato; sauté 3 min|Add vegetables; cook covered 15 min|Serve hot"
