name,category,meal_type,food_type,food_group,difficulty,cook_time_mins,calories,protein,carbohydrate,fat,portion_min,portion_typical,portion_max,role,cuisine,description,tags,source
Poha,recipe,Breakfast,vegan,grain_breakfast,Easy,15,350,8.0,58.0,9.0,0.5,1.0,1.5,side,unknown,,,
Upma,recipe,Breakfast,vegan,grain_breakfast,Easy,20,320,9.0,52.0,8.0,0.5,1.0,1.5,side,unknown,,,
Besan Chilla,recipe,Breakfast,vegan,grain_breakfast,Easy,20,280,15.0,28.0,10.0,0.5,1.0,1.5,side,unknown,,,
Masala Omelette,recipe,Breakfast,egg,egg,Easy,10,230,15.0,6.0,16.0,0.5,1.0,1.5,side,unknown,,,
Oats Porridge,recipe,Breakfast,dairy,grain_breakfast,Easy,10,280,12.0,40.0,7.0,0.5,1.0,1.5,side,unknown,,,
Moong Dal Chilla,recipe,Breakfast,vegan,grain_breakfast,Medium,25,250,14.0,32.0,7.0,0.5,1.0,1.5,side,unknown,,,
Aloo Paratha,recipe,Breakfast; Lunch,veg,roti,Medium,30,420,9.0,62.0,14.0,0.5,1.0,1.5,side,unknown,,,
Banana Oat Pancakes,recipe,Breakfast,dairy,grain_breakfast,Easy,20,290,9.0,48.0,7.0,0.5,1.0,1.5,side,unknown,,,
Roasted Makhana,recipe,Snack,veg,chaat,Easy,15,150,4.0,24.0,4.0,0.5,1.0,1.5,side,unknown,,,
Spiced Roasted Chana,recipe,Snack,vegan,chaat,Easy,10,190,9.0,30.0,4.0,0.5,1.0,1.5,side,unknown,,,
Sprouts Chaat,recipe,Snack; Lunch,vegan,chaat,Easy,10,185,10.0,28.0,5.0,0.5,1.0,1.5,side,unknown,,,
Paneer Tikka,recipe,Snack; Dinner,veg,paneer,Medium,30,320,22.0,8.0,22.0,0.5,1.0,1.5,side,unknown,,,
Boiled Eggs with Seasoning,recipe,Breakfast; Snack,egg,egg,Easy,15,155,13.0,1.0,11.0,0.5,1.0,1.5,side,unknown,,,
Greek Yogurt Bowl,recipe,Breakfast; Snack,dairy,dairy,Easy,5,180,14.0,20.0,5.0,0.5,1.0,1.5,side,unknown,,,
Peanut Butter Banana Toast,recipe,Breakfast; Snack,vegan,toast,Easy,5,310,11.0,38.0,12.0,0.5,1.0,1.5,side,unknown,,,
Egg Fried Rice,recipe,Lunch; Dinner,egg,rice,Easy,20,430,17.0,60.0,14.0,0.5,1.0,1.5,side,unknown,,,
Grilled Chicken Salad,recipe,Lunch; Dinner,non-veg,chicken,Easy,25,280,30.0,14.0,10.0,0.5,1.0,1.5,side,unknown,,,
Pasta Primavera,recipe,Lunch; Dinner,vegan,pasta,Easy,25,390,12.0,62.0,10.0,0.5,1.0,1.5,side,unknown,,,
Grilled Chicken with Vegetables,recipe,Lunch; Dinner,non-veg,chicken,Easy,30,310,32.0,16.0,12.0,0.5,1.0,1.5,side,unknown,,,
Vegetable Pulao,recipe,Lunch; Dinner,veg,rice,Medium,30,400,8.0,70.0,8.0,0.5,1.0,1.5,side,unknown,,,
Steamed Chicken,recipe,Lunch; Dinner,non-veg,chicken,Easy,30,260,50.0,2.0,6.0,0.5,1.0,1.5,side,unknown,,,
Masoor Dal Kababs,recipe,Snack; Lunch,vegan,kabab,Medium,30,355,17.0,52.0,8.0,0.5,1.0,1.5,side,unknown,,,
Rohu Fish Curry,recipe,Lunch; Dinner,non-veg,fish,Medium,35,290,25.0,10.0,16.0,0.5,1.0,1.5,side,unknown,,,
Grilled Rohu Fish,recipe,Lunch; Dinner,non-veg,fish,Easy,25,250,35.0,2.0,11.0,0.5,1.0,1.5,side,unknown,,,
Vegetable Salad Sandwich,recipe,Breakfast; Lunch; Snack,vegan,toast,Easy,10,185,7.0,34.0,2.0,0.5,1.0,1.5,side,unknown,,,
Grilled Paneer,recipe,Snack; Dinner,veg,paneer,Medium,25,555,36.0,4.0,44.0,0.5,1.0,1.5,side,unknown,,,
Avocado Toast,recipe,Breakfast; Snack,vegan,toast,Easy,5,205,4.0,20.0,12.0,0.5,1.0,1.5,side,unknown,,,
Laiyya Channa,recipe,Breakfast; Snack,vegan,chaat,Easy,5,295,10.0,50.0,5.0,0.5,1.0,1.5,side,unknown,,,
Milk Tea,recipe,Breakfast; Snack,dairy,drink,Easy,5,105,4.0,13.0,4.0,0.5,1.0,1.5,side,unknown,,,
Milk Coffee,recipe,Breakfast; Snack,dairy,drink,Easy,5,130,5.0,15.0,5.0,0.5,1.0,1.5,side,unknown,,,
Toasted Brown Bread with Butter,recipe,Breakfast; Snack,veg,toast,Easy,5,190,6.0,29.0,6.0,0.5,1.0,1.5,side,unknown,,,
Red Sauce Pasta (Veg),recipe,Lunch; Dinner,vegan,pasta,Easy,25,385,12.0,64.0,10.0,0.5,1.0,1.5,side,unknown,,,
Red Sauce Pasta (Chicken),recipe,Lunch; Dinner,non-veg,pasta,Medium,30,530,42.0,57.0,14.0,0.5,1.0,1.5,side,unknown,,,
Idli,recipe,Breakfast; Lunch,vegan,south_indian,Hard,45,130,5.0,26.0,1.0,0.5,1.0,1.5,side,unknown,,,
Sambhar,recipe,Breakfast; Lunch; Dinner,vegan,dal,Medium,25,215,10.0,30.0,5.0,0.5,1.0,1.5,side,unknown,,,
Rasam,recipe,Lunch; Dinner,vegan,soup,Easy,20,65,2.0,10.0,2.0,0.5,1.0,1.5,side,unknown,,,
Plain Dosa,recipe,Breakfast; Lunch,vegan,south_indian,Hard,45,175,5.0,32.0,4.0,0.5,1.0,1.5,side,unknown,,,
Masala Dosa,recipe,Breakfast; Lunch,vegan,south_indian,Hard,50,305,7.0,54.0,8.0,0.5,1.0,1.5,side,unknown,,,
Multigrain Idli,recipe,Breakfast; Lunch,vegan,south_indian,Hard,50,145,7.0,27.0,2.0,0.5,1.0,1.5,side,unknown,,,
Multigrain Dosa,recipe,Breakfast; Lunch,vegan,south_indian,Hard,50,190,7.0,33.0,4.0,0.5,1.0,1.5,side,unknown,,,
Tomato Rice,recipe,Lunch; Dinner,vegan,rice,Medium,25,405,8.0,70.0,11.0,0.5,1.0,1.5,side,unknown,,,
Tehri,recipe,Lunch; Dinner,veg,rice,Medium,30,445,8.0,78.0,10.0,0.5,1.0,1.5,side,unknown,,,
Buttermilk (Chaach),recipe,Snack; Lunch; Dinner,dairy,drink,Easy,5,65,3.0,6.0,3.0,0.5,1.0,1.5,side,unknown,,,
Tomato Soup (Indian Style),recipe,Snack; Dinner,veg,soup,Easy,25,90,2.0,12.0,4.0,0.5,1.0,1.5,side,unknown,,,
Vegetable Clear Soup,recipe,Snack; Lunch; Dinner,vegan,soup,Easy,20,75,2.0,9.0,3.0,0.5,1.0,1.5,side,unknown,,,
Daliya,recipe,Breakfast; Lunch,vegan,grain_breakfast,Easy,25,355,15.0,58.0,5.0,0.5,1.0,1.5,side,unknown,,,
Plain Paratha,recipe,Breakfast; Lunch,veg,roti,Easy,20,290,8.0,42.0,10.0,0.5,1.0,1.5,side,unknown,,,
Masala Paratha,recipe,Breakfast; Lunch,vegan,roti,Medium,25,310,10.0,43.0,9.0,0.5,1.0,1.5,side,unknown,,,
Multigrain Paratha / Roti,recipe,Breakfast; Lunch; Dinner,veg,roti,Easy,20,265,8.0,38.0,8.0,0.5,1.0,1.5,side,unknown,,,
Aloo Bhuiya,recipe,Lunch; Dinner,vegan,veg_curry,Easy,25,248,3.0,27.0,15.0,0.5,1.0,1.5,side,unknown,,,
Bhindi Bhujiya,recipe,Lunch; Dinner,vegan,veg_curry,Easy,25,165,4.0,16.0,10.0,0.5,1.0,1.5,side,unknown,,,
Dal Tadka,recipe,Lunch; Dinner,vegan,dal,Medium,20,268,14.0,36.0,8.0,0.5,1.0,1.5,side,unknown,,,
Rajma,recipe,Lunch; Dinner,vegan,dal,Hard,40,308,16.0,42.0,8.0,0.5,1.0,1.5,side,unknown,,,
Paneer Bhurji,recipe,Breakfast; Lunch; Dinner,veg,paneer,Easy,15,280,17.0,12.0,17.0,0.5,1.0,1.5,side,unknown,,,
Chole,recipe,Lunch; Dinner,vegan,dal,Hard,40,328,14.0,46.0,10.0,0.5,1.0,1.5,side,unknown,,,
Aloo Gobi,recipe,Lunch; Dinner,vegan,veg_curry,Medium,25,230,5.0,30.0,9.0,0.5,1.0,1.5,side,unknown,,,
Dal Makhani,recipe,Lunch; Dinner,veg,dal,Hard,35,330,15.0,34.0,15.0,0.5,1.0,1.5,side,unknown,,,
Palak Paneer,recipe,Lunch; Dinner,veg,paneer,Medium,25,290,13.0,22.0,17.0,0.5,1.0,1.5,side,unknown,,,
Masoor Dal,recipe,Lunch; Dinner,vegan,dal,Easy,20,238,14.0,32.0,6.0,0.5,1.0,1.5,side,unknown,,,
Egg Curry,recipe,Lunch; Dinner,egg,egg,Medium,30,278,20.0,22.0,14.0,0.5,1.0,1.5,side,unknown,,,
Chicken Curry,recipe,Lunch; Dinner,non-veg,chicken,Medium,35,340,27.0,16.0,17.0,0.5,1.0,1.5,side,unknown,,,
Steamed Rice,recipe,Lunch; Dinner,vegan,rice,Easy,20,212,4.0,46.0,0.0,0.5,1.0,1.5,side,unknown,,,
Whole Wheat Roti (Chapati),recipe,Breakfast; Lunch; Dinner,vegan,roti,Easy,20,150,5.0,30.0,1.0,0.5,1.0,1.5,side,unknown,,,
Banana,ingredient,Breakfast; Snack,vegan,fruit,Easy,0,89,1.0,23.0,0.0,0.5,1.0,1.5,side,unknown,,,
Apple,ingredient,Breakfast; Snack,vegan,fruit,Easy,0,78,0.0,21.0,0.0,0.5,1.0,1.5,side,unknown,,,
Orange,ingredient,Breakfast; Snack,vegan,fruit,Easy,0,61,1.0,15.0,0.0,0.5,1.0,1.5,side,unknown,,,
Pomegranate,ingredient,Breakfast; Snack,vegan,fruit,Easy,0,72,1.0,16.0,1.0,0.5,1.0,1.5,side,unknown,,,
Watermelon,ingredient,Breakfast; Snack,vegan,fruit,Easy,0,85,2.0,21.0,0.0,0.5,1.0,1.5,side,unknown,,,
Muskmelon,ingredient,Breakfast; Snack,vegan,fruit,Easy,0,65,2.0,16.0,0.0,0.5,1.0,1.5,side,unknown,,,
Chia Seeds,ingredient,Snack,vegan,seed,Easy,0,138,5.0,12.0,9.0,0.5,1.0,1.5,side,unknown,,,
Flaxseed,ingredient,Snack,vegan,seed,Easy,0,110,4.0,6.0,9.0,0.5,1.0,1.5,side,unknown,,,
Watermelon Seeds,ingredient,Snack,vegan,seed,Easy,0,158,8.0,4.0,13.0,0.5,1.0,1.5,side,unknown,,,
Basil Seeds,ingredient,Snack,vegan,seed,Easy,0,60,2.0,7.0,3.0,0.5,1.0,1.5,side,unknown,,,
Almonds,ingredient,Snack,vegan,nut,Easy,0,173,6.0,6.0,15.0,0.5,1.0,1.5,side,unknown,,,
Peanuts,ingredient,Snack,vegan,nut,Easy,0,170,8.0,5.0,15.0,0.5,1.0,1.5,side,unknown,,,
Walnuts,ingredient,Snack,vegan,nut,Easy,0,196,5.0,4.0,20.0,0.5,1.0,1.5,side,unknown,,,
Cashews,ingredient,Snack,vegan,nut,Easy,0,163,4.0,9.0,13.0,0.5,1.0,1.5,side,unknown,,,
Raisins,ingredient,Snack,vegan,nut,Easy,0,120,1.0,32.0,0.0,0.5,1.0,1.5,side,unknown,,,
Cucumber (Raw),ingredient,Snack,vegan,veg_raw,Easy,0,30,1.0,7.0,0.0,0.5,1.0,1.5,side,unknown,,,
Tomato (Raw),ingredient,Snack,vegan,veg_raw,Easy,0,27,1.0,6.0,0.0,0.5,1.0,1.5,side,unknown,,,
Carrot (Raw),ingredient,Snack,vegan,veg_raw,Easy,0,50,1.0,12.0,0.0,0.5,1.0,1.5,side,unknown,,,
Onion (Raw),ingredient,Snack,vegan,veg_raw,Easy,0,44,1.0,10.0,0.0,0.5,1.0,1.5,side,unknown,,,
Beetroot (Raw),ingredient,Snack,vegan,veg_raw,Easy,0,56,2.0,13.0,0.0,0.5,1.0,1.5,side,unknown,,,
Set Dosa,recipe,Breakfast,veg,south_indian,Easy,19,171,3.8,30.4,3.8,0.5,1.0,1.5,complete_meal,indian,"A traditional Indian south_indian prepared with aromatic spices and fresh ingredients. The dish offers a balanced flavour profile with warming notes of cumin, coriander and turmeric.",balanced meal;single serve;nutritious;wholesome;filling,https://en.wikipedia.org/wiki/Set_Dosa
Dahi Puri,recipe,Snack,veg,chaat,Easy,19,266,7.6,36.1,9.5,0.5,1.0,1.5,complete_meal,indian,"A traditional Indian chaat prepared with aromatic spices and fresh ingredients. The dish offers a balanced flavour profile with warming notes of cumin, coriander and turmeric.",balanced meal;single serve;nutritious;wholesome;filling,https://en.wikipedia.org/wiki/Dahi_Puri
Rava Idli,recipe,Breakfast,veg,south_indian,Easy,19,171,3.8,30.4,3.8,0.5,1.0,1.5,complete_meal,indian,"A traditional Indian south_indian prepared with aromatic spices and fresh ingredients. The dish offers a balanced flavour profile with warming notes of cumin, coriander and turmeric.",balanced meal;single serve;nutritious;wholesome;filling,https://en.wikipedia.org/wiki/Rava_Idli
Neer Dosa,recipe,Breakfast,veg,south_indian,Easy,19,171,3.8,30.4,3.8,0.5,1.0,1.5,complete_meal,indian,"A traditional Indian south_indian prepared with aromatic spices and fresh ingredients. The dish offers a balanced flavour profile with warming notes of cumin, coriander and turmeric.",balanced meal;single serve;nutritious;wholesome;filling,https://en.wikipedia.org/wiki/Neer_Dosa
Wheat Dosa,recipe,Breakfast,veg,south_indian,Easy,19,171,3.8,30.4,3.8,0.5,1.0,1.5,complete_meal,indian,"A traditional Indian south_indian prepared with aromatic spices and fresh ingredients. The dish offers a balanced flavour profile with warming notes of cumin, coriander and turmeric.",balanced meal;single serve;nutritious;wholesome;filling,https://en.wikipedia.org/wiki/Wheat_Dosa
Tomato Uttapam,recipe,Breakfast,veg,south_indian,Easy,19,171,3.8,30.4,3.8,0.5,1.0,1.5,complete_meal,indian,"A traditional Indian south_indian prepared with aromatic spices and fresh ingredients. The dish offers a balanced flavour profile with warming notes of cumin, coriander and turmeric.",balanced meal;single serve;nutritious;wholesome;filling,https://en.wikipedia.org/wiki/Tomato_Uttapam
Onion Uttapam,recipe,Breakfast,veg,south_indian,Easy,19,171,3.8,30.4,3.8,0.5,1.0,1.5,complete_meal,indian,"A traditional Indian south_indian prepared with aromatic spices and fresh ingredients. The dish offers a balanced flavour profile with warming notes of cumin, coriander and turmeric.",balanced meal;single serve;nutritious;wholesome;filling,https://en.wikipedia.org/wiki/Onion_Uttapam
Rava Kesari,recipe,Breakfast,veg,grain_breakfast,Easy,19,228,5.7,36.1,6.6,0.5,1.0,1.5,side,indian,"A traditional Indian grain_breakfast prepared with aromatic spices and fresh ingredients. The dish offers a balanced flavour profile with warming notes of cumin, coriander and turmeric.",accompaniment;light bite;flavour enhancer;complementary;quick,https://en.wikipedia.org/wiki/Rava_Kesari
Meen Curry,recipe,Lunch; Dinner,non-veg,fish,Medium,30,242,22.0,6.6,13.2,0.5,1.0,1.5,anchor_protein,indian,"A traditional Indian fish prepared with aromatic spices and fresh ingredients. The dish offers a balanced flavour profile with warming notes of cumin, coriander and turmeric.",high protein;muscle friendly;satiating;lean;nutrient dense,https://en.wikipedia.org/wiki/Meen_Curry
Thalipeeth,recipe,Breakfast,veg,grain_breakfast,Medium,20,240,6.0,38.0,7.0,0.5,1.0,1.5,complete_meal,indian,"A traditional Indian grain_breakfast prepared with aromatic spices and fresh ingredients. The dish offers a balanced flavour profile with warming notes of cumin, coriander and turmeric.",balanced meal;single serve;nutritious;wholesome;filling,https://en.wikipedia.org/wiki/Thalipeeth
Kadai Chicken,recipe,Lunch; Dinner,non-veg,chicken,Medium,35,286,24.2,8.8,15.4,0.5,1.0,1.5,anchor_protein,indian,"A traditional Indian chicken prepared with aromatic spices and fresh ingredients. The dish offers a balanced flavour profile with warming notes of cumin, coriander and turmeric.",high protein;muscle friendly;satiating;lean;nutrient dense,https://en.wikipedia.org/wiki/Kadai_Chicken
Peas Pulao,recipe,Lunch; Dinner,veg,rice,Easy,23,209,3.8,38.0,3.8,0.5,1.0,1.5,anchor_starch,indian,"A traditional Indian rice prepared with aromatic spices and fresh ingredients. The dish offers a balanced flavour profile with warming notes of cumin, coriander and turmeric.",energy rich;carb conscious;comfort food;sustained energy;hearty,https://en.wikipedia.org/wiki/Peas_Pulao
Shami Kebab,recipe,Snack,non-veg,kabab,Medium,40,308,19.8,11.0,19.8,0.5,1.0,1.5,anchor_protein,indian,"A traditional Indian kabab prepared with aromatic spices and fresh ingredients. The dish offers a balanced flavour profile with warming notes of cumin, coriander and turmeric.",high protein;muscle friendly;satiating;lean;nutrient dense,https://en.wikipedia.org/wiki/Shami_Kebab
Ghee Rice,recipe,Lunch; Dinner,veg,rice,Easy,23,209,3.8,38.0,3.8,0.5,1.0,1.5,anchor_starch,indian,"A traditional Indian rice prepared with aromatic spices and fresh ingredients. The dish offers a balanced flavour profile with warming notes of cumin, coriander and turmeric.",energy rich;carb conscious;comfort food;sustained energy;hearty,https://en.wikipedia.org/wiki/Ghee_Rice
Avalakki,recipe,Breakfast,vegan,grain_breakfast,Easy,19,217,5.4,34.3,6.3,0.5,1.0,1.5,complete_meal,indian,"A traditional Indian grain_breakfast prepared with aromatic spices and fresh ingredients. The dish offers a balanced flavour profile with warming notes of cumin, coriander and turmeric.",balanced meal;single serve;nutritious;wholesome;filling,https://en.wikipedia.org/wiki/Avalakki
Keema Matar,recipe,Lunch; Dinner,non-veg,kabab,Medium,40,308,19.8,11.0,19.8,0.5,1.0,1.5,anchor_protein,indian,"A traditional Indian kabab prepared with aromatic spices and fresh ingredients. The dish offers a balanced flavour profile with warming notes of cumin, coriander and turmeric.",high protein;muscle friendly;satiating;lean;nutrient dense,https://en.wikipedia.org/wiki/Keema_Matar
Mysore Bonda,recipe,Breakfast,veg,south_indian,Medium,20,180,4.0,32.0,4.0,0.5,1.0,1.5,complete_meal,indian,"A traditional Indian south_indian prepared with aromatic spices and fresh ingredients. The dish offers a balanced flavour profile with warming notes of cumin, coriander and turmeric.",balanced meal;single serve;nutritious;wholesome;filling,https://en.wikipedia.org/wiki/Mysore_Bonda
Moong Dal Khichdi,recipe,Breakfast,vegan,grain_breakfast,Easy,19,217,5.4,34.3,6.3,0.5,1.0,1.5,complete_meal,indian,"A traditional Indian grain_breakfast prepared with aromatic spices and fresh ingredients. The dish offers a balanced flavour profile with warming notes of cumin, coriander and turmeric.",balanced meal;single serve;nutritious;wholesome;filling,https://en.wikipedia.org/wiki/Moong_Dal_Khichdi
Methi Rice,recipe,Lunch; Dinner,veg,rice,Easy,23,209,3.8,38.0,3.8,0.5,1.0,1.5,anchor_starch,indian,"A traditional Indian rice prepared with aromatic spices and fresh ingredients. The dish offers a balanced flavour profile with warming notes of cumin, coriander and turmeric.",energy rich;carb conscious;comfort food;sustained energy;hearty,https://en.wikipedia.org/wiki/Methi_Rice
Fish Moilee,recipe,Lunch; Dinner,non-veg,fish,Medium,30,242,22.0,6.6,13.2,0.5,1.0,1.5,anchor_protein,indian,"A traditional Indian fish prepared with aromatic spices and fresh ingredients. The dish offers a balanced flavour profile with warming notes of cumin, coriander and turmeric.",high protein;muscle friendly;satiating;lean;nutrient dense,https://en.wikipedia.org/wiki/Fish_Moilee
Ragi Dosa,recipe,Breakfast,vegan,south_indian,Easy,19,162,3.6,28.9,3.6,0.5,1.0,1.5,complete_meal,indian,"A traditional Indian south_indian prepared with aromatic spices and fresh ingredients. The dish offers a balanced flavour profile with warming notes of cumin, coriander and turmeric.",balanced meal;single serve;nutritious;wholesome;filling,https://en.wikipedia.org/wiki/Ragi_Dosa
Chicken Korma,recipe,Lunch; Dinner,non-veg,chicken,Medium,35,286,24.2,8.8,15.4,0.5,1.0,1.5,anchor_protein,indian,"A traditional Indian chicken prepared with aromatic spices and fresh ingredients. The dish offers a balanced flavour profile with warming notes of cumin, coriander and turmeric.",high protein;muscle friendly;satiating;lean;nutrient dense,https://en.wikipedia.org/wiki/Chicken_Korma
Mint Pulao,recipe,Lunch; Dinner,veg,rice,Easy,23,209,3.8,38.0,3.8,0.5,1.0,1.5,anchor_starch,indian,"A traditional Indian rice prepared with aromatic spices and fresh ingredients. The dish offers a balanced flavour profile with warming notes of cumin, coriander and turmeric.",energy rich;carb conscious;comfort food;sustained energy;hearty,https://en.wikipedia.org/wiki/Mint_Pulao
Coconut Chutney,recipe,Lunch; Dinner,vegan,veg_raw,Easy,14,135,2.7,19.9,5.4,0.5,1.0,1.5,side,indian,"A traditional Indian veg_raw prepared with aromatic spices and fresh ingredients. The dish offers a balanced flavour profile with warming notes of cumin, coriander and turmeric.",accompaniment;light bite;flavour enhancer;complementary;quick,https://en.wikipedia.org/wiki/Coconut_Chutney
Prawn Malai Curry,recipe,Lunch; Dinner,non-veg,fish,Medium,30,242,22.0,6.6,13.2,0.5,1.0,1.5,anchor_protein,indian,"A traditional Indian fish prepared with aromatic spices and fresh ingredients. The dish offers a balanced flavour profile with warming notes of cumin, coriander and turmeric.",high protein;muscle friendly;satiating;lean;nutrient dense,https://en.wikipedia.org/wiki/Prawn_Malai_Curry
Misal Pav,recipe,Snack,veg,chaat,Medium,20,280,8.0,38.0,10.0,0.5,1.0,1.5,complete_meal,indian,"A traditional Indian chaat prepared with aromatic spices and fresh ingredients. The dish offers a balanced flavour profile with warming notes of cumin, coriander and turmeric.",balanced meal;single serve;nutritious;wholesome;filling,https://en.wikipedia.org/wiki/Misal_Pav
Pudina Chutney,recipe,Lunch; Dinner,vegan,veg_raw,Easy,14,135,2.7,19.9,5.4,0.5,1.0,1.5,side,indian,"A traditional Indian veg_raw prepared with aromatic spices and fresh ingredients. The dish offers a balanced flavour profile with warming notes of cumin, coriander and turmeric.",accompaniment;light bite;flavour enhancer;complementary;quick,https://en.wikipedia.org/wiki/Pudina_Chutney
Aloo Posto,recipe,Lunch; Dinner,veg,veg_curry,Easy,23,171,4.8,17.1,9.5,0.5,1.0,1.5,anchor_veg,indian,"A traditional Indian veg_curry prepared with aromatic spices and fresh ingredients. The dish offers a balanced flavour profile with warming notes of cumin, coriander and turmeric.",fibre rich;vegetable forward;light;digestible;vitamin rich,https://en.wikipedia.org/wiki/Aloo_Posto
Puttu,recipe,Breakfast,vegan,south_indian,Easy,19,162,3.6,28.9,3.6,0.5,1.0,1.5,complete_meal,indian,"A traditional Indian south_indian prepared with aromatic spices and fresh ingredients. The dish offers a balanced flavour profile with warming notes of cumin, coriander and turmeric.",balanced meal;single serve;nutritious;wholesome;filling,https://en.wikipedia.org/wiki/Puttu
Khaman Dhokla,recipe,Breakfast; Snack,veg,grain_breakfast,Medium,20,240,6.0,38.0,7.0,0.5,1.0,1.5,side,indian,"A traditional Indian grain_breakfast prepared with aromatic spices and fresh ingredients. The dish offers a balanced flavour profile with warming notes of cumin, coriander and turmeric.",accompaniment;light bite;flavour enhancer;complementary;quick,https://en.wikipedia.org/wiki/Khaman_Dhokla
Hydrabadi Biryani,recipe,Lunch; Dinner,non-veg,rice,Hard,27,266,4.8,48.4,4.8,0.5,1.0,1.5,complete_meal,indian,"A traditional Indian rice prepared with aromatic spices and fresh ingredients. The dish offers a balanced flavour profile with warming notes of cumin, coriander and turmeric.",balanced meal;single serve;nutritious;wholesome;filling,https://en.wikipedia.org/wiki/Hydrabadi_Biryani
Aloo Matar,recipe,Lunch; Dinner,veg,veg_curry,Easy,23,171,4.8,17.1,9.5,0.5,1.0,1.5,anchor_veg,indian,"A traditional Indian veg_curry prepared with aromatic spices and fresh ingredients. The dish offers a balanced flavour profile with warming notes of cumin, coriander and turmeric.",fibre rich;vegetable forward;light;digestible;vitamin rich,https://en.wikipedia.org/wiki/Aloo_Matar
Kanda Poha,recipe,Breakfast,vegan,grain_breakfast,Easy,19,217,5.4,34.3,6.3,0.5,1.0,1.5,complete_meal,indian,"A traditional Indian grain_breakfast prepared with aromatic spices and fresh ingredients. The dish offers a balanced flavour profile with warming notes of cumin, coriander and turmeric.",balanced meal;single serve;nutritious;wholesome;filling,https://en.wikipedia.org/wiki/Kanda_Poha
Methi Muthia,recipe,Breakfast; Snack,veg,grain_breakfast,Medium,20,240,6.0,38.0,7.0,0.5,1.0,1.5,side,indian,"A traditional Indian grain_breakfast prepared with aromatic spices and fresh ingredients. The dish offers a balanced flavour profile with warming notes of cumin, coriander and turmeric.",accompaniment;light bite;flavour enhancer;complementary;quick,https://en.wikipedia.org/wiki/Methi_Muthia
Lucknowi Biryani,recipe,Lunch; Dinner,non-veg,rice,Hard,27,266,4.8,48.4,4.8,0.5,1.0,1.5,complete_meal,indian,"A traditional Indian rice prepared with aromatic spices and fresh ingredients. The dish offers a balanced flavour profile with warming notes of cumin, coriander and turmeric.",balanced meal;single serve;nutritious;wholesome;filling,https://en.wikipedia.org/wiki/Lucknowi_Biryani
Aloo Palak,recipe,Lunch; Dinner,veg,veg_curry,Easy,23,171,4.8,17.1,9.5,0.5,1.0,1.5,anchor_veg,indian,"A traditional Indian veg_curry prepared with aromatic spices and fresh ingredients. The dish offers a balanced flavour profile with warming notes of cumin, coriander and turmeric.",fibre rich;vegetable forward;light;digestible;vitamin rich,https://en.wikipedia.org/wiki/Aloo_Palak
Prawn Balchao,recipe,Lunch; Dinner,non-veg,fish,Hard,33,266,24.2,7.3,14.5,0.5,1.0,1.5,anchor_protein,indian,"A traditional Indian fish prepared with aromatic spices and fresh ingredients. The dish offers a balanced flavour profile with warming notes of cumin, coriander and turmeric.",high protein;muscle friendly;satiating;lean;nutrient dense,https://en.wikipedia.org/wiki/Prawn_Balchao
Ragi Idli,recipe,Breakfast,vegan,south_indian,Easy,19,162,3.6,28.9,3.6,0.5,1.0,1.5,complete_meal,indian,"A traditional Indian south_indian prepared with aromatic spices and fresh ingredients. The dish offers a balanced flavour profile with warming notes of cumin, coriander and turmeric.",balanced meal;single serve;nutritious;wholesome;filling,https://en.wikipedia.org/wiki/Ragi_Idli
Kashmiri Aloo,recipe,Lunch; Dinner,veg,veg_curry,Easy,23,171,4.8,17.1,9.5,0.5,1.0,1.5,anchor_veg,indian,"A traditional Indian veg_curry prepared with aromatic spices and fresh ingredients. The dish offers a balanced flavour profile with warming notes of cumin, coriander and turmeric.",fibre rich;vegetable forward;light;digestible;vitamin rich,https://en.wikipedia.org/wiki/Kashmiri_Aloo
Galouti Kebab,recipe,Snack,non-veg,kabab,Hard,44,339,21.8,12.1,21.8,0.5,1.0,1.5,anchor_protein,indian,"A traditional Indian kabab prepared with aromatic spices and fresh ingredients. The dish offers a balanced flavour profile with warming notes of cumin, coriander and turmeric.",high protein;muscle friendly;satiating;lean;nutrient dense,https://en.wikipedia.org/wiki/Galouti_Kebab
Makki Di Roti,recipe,Lunch; Dinner,vegan,roti,Easy,23,199,4.5,31.6,5.4,0.5,1.0,1.5,anchor_starch,indian,"A traditional Indian roti prepared with aromatic spices and fresh ingredients. The dish offers a balanced flavour profile with warming notes of cumin, coriander and turmeric.",energy rich;carb conscious;comfort food;sustained energy;hearty,https://en.wikipedia.org/wiki/Makki_Di_Roti
Sabudana Vada,recipe,Breakfast,veg,grain_breakfast,Medium,20,240,6.0,38.0,7.0,0.5,1.0,1.5,complete_meal,indian,"A traditional Indian grain_breakfast prepared with aromatic spices and fresh ingredients. The dish offers a balanced flavour profile with warming notes of cumin, coriander and turmeric.",balanced meal;single serve;nutritious;wholesome;filling,https://en.wikipedia.org/wiki/Sabudana_Vada
Laal Maas,recipe,Lunch; Dinner,non-veg,kabab,Hard,44,339,21.8,12.1,21.8,0.5,1.0,1.5,anchor_protein,indian,"A traditional Indian kabab prepared with aromatic spices and fresh ingredients. The dish offers a balanced flavour profile with warming notes of cumin, coriander and turmeric.",high protein;muscle friendly;satiating;lean;nutrient dense,https://en.wikipedia.org/wiki/Laal_Maas
Green Moong Dal,recipe,Lunch; Dinner,vegan,dal,Easy,33,180,9.0,25.3,4.5,0.5,1.0,1.5,anchor_protein,indian,"A traditional Indian dal prepared with aromatic spices and fresh ingredients. The dish offers a balanced flavour profile with warming notes of cumin, coriander and turmeric.",high protein;muscle friendly;satiating;lean;nutrient dense,https://en.wikipedia.org/wiki/Green_Moong_Dal
Egg Frankie,recipe,Breakfast,egg,chaat,Easy,19,266,7.6,36.1,9.5,0.5,1.0,1.5,complete_meal,indian,"A traditional Indian chaat prepared with aromatic spices and fresh ingredients. The dish offers a balanced flavour profile with warming notes of cumin, coriander and turmeric.",balanced meal;single serve;nutritious;wholesome;filling,https://en.wikipedia.org/wiki/Egg_Frankie
Gobi Matar,recipe,Lunch; Dinner,veg,veg_curry,Easy,23,171,4.8,17.1,9.5,0.5,1.0,1.5,anchor_veg,indian,"A traditional Indian veg_curry prepared with aromatic spices and fresh ingredients. The dish offers a balanced flavour profile with warming notes of cumin, coriander and turmeric.",fibre rich;vegetable forward;light;digestible;vitamin rich,https://en.wikipedia.org/wiki/Gobi_Matar
Bangers and Mash,recipe,Lunch; Dinner,non-veg,kabab,Easy,38,293,18.8,10.5,18.8,0.5,1.0,1.5,complete_meal,continental,A refined continental dish showcasing clean flavours and precise technique. The preparation highlights the natural qualities of the main ingredient with subtle herb and butter notes.,balanced meal;single serve;nutritious;wholesome;filling,https://en.wikipedia.org/wiki/Bangers_and_Mash
Bajra Roti,recipe,Lunch; Dinner,vegan,roti,Easy,23,199,4.5,31.6,5.4,0.5,1.0,1.5,anchor_starch,indian,"A traditional Indian roti prepared with aromatic spices and fresh ingredients. The dish offers a balanced flavour profile with warming notes of cumin, coriander and turmeric.",energy rich;carb conscious;comfort food;sustained energy;hearty,https://en.wikipedia.org/wiki/Bajra_Roti
Chicken Vindaloo,recipe,Lunch; Dinner,non-veg,chicken,Hard,38,315,26.6,9.7,16.9,0.5,1.0,1.5,anchor_protein,indian,"A traditional Indian chicken prepared with aromatic spices and fresh ingredients. The dish offers a balanced flavour profile with warming notes of cumin, coriander and turmeric.",high protein;muscle friendly;satiating;lean;nutrient dense,https://en.wikipedia.org/wiki/Chicken_Vindaloo
Nicoise Salad,recipe,Lunch; Dinner,non-veg,veg_raw,Easy,14,157,3.1,23.0,6.3,0.5,1.0,1.5,complete_meal,continental,A refined continental dish showcasing clean flavours and precise technique. The preparation highlights the natural qualities of the main ingredient with subtle herb and butter notes.,balanced meal;single serve;nutritious;wholesome;filling,https://en.wikipedia.org/wiki/Nicoise_Salad
Dahi Aloo,recipe,Lunch; Dinner,veg,veg_curry,Easy,23,171,4.8,17.1,9.5,0.5,1.0,1.5,anchor_veg,indian,"A traditional Indian veg_curry prepared with aromatic spices and fresh ingredients. The dish offers a balanced flavour profile with warming notes of cumin, coriander and turmeric.",fibre rich;vegetable forward;light;digestible;vitamin rich,https://en.wikipedia.org/wiki/Dahi_Aloo
Jowar Roti,recipe,Lunch; Dinner,vegan,roti,Easy,23,199,4.5,31.6,5.4,0.5,1.0,1.5,anchor_starch,indian,"A traditional Indian roti prepared with aromatic spices and fresh ingredients. The dish offers a balanced flavour profile with warming notes of cumin, coriander and turmeric.",energy rich;carb conscious;comfort food;sustained energy;hearty,https://en.wikipedia.org/wiki/Jowar_Roti
Pumpkin Soup,recipe,Snack; Dinner,veg,soup,Easy,23,114,3.8,15.2,3.8,0.5,1.0,1.5,side,continental,A refined continental dish showcasing clean flavours and precise technique. The preparation highlights the natural qualities of the main ingredient with subtle herb and butter notes.,accompaniment;light bite;flavour enhancer;complementary;quick,https://en.wikipedia.org/wiki/Pumpkin_Soup
Grilled Salmon,recipe,Lunch; Dinner,non-veg,fish,Easy,28,230,20.9,6.3,12.5,0.5,1.0,1.5,anchor_protein,continental,A refined continental dish showcasing clean flavours and precise technique. The preparation highlights the natural qualities of the main ingredient with subtle herb and butter notes.,high protein;muscle friendly;satiating;lean;nutrient dense,https://en.wikipedia.org/wiki/Grilled_Salmon
Egg Pulao,recipe,Breakfast,egg,rice,Easy,23,209,3.8,38.0,3.8,0.5,1.0,1.5,complete_meal,indian,"A traditional Indian rice prepared with aromatic spices and fresh ingredients. The dish offers a balanced flavour profile with warming notes of cumin, coriander and turmeric.",balanced meal;single serve;nutritious;wholesome;filling,https://en.wikipedia.org/wiki/Egg_Pulao
Kulfi,recipe,Lunch; Dinner,dairy,veg_raw,Easy,14,150,3.0,21.9,6.0,0.5,1.0,1.5,side,indian,"A traditional Indian veg_raw prepared with aromatic spices and fresh ingredients. The dish offers a balanced flavour profile with warming notes of cumin, coriander and turmeric.",accompaniment;light bite;flavour enhancer;complementary;quick,https://en.wikipedia.org/wiki/Kulfi
Wonton Soup,recipe,Snack; Dinner,non-veg,soup,Medium,25,132,4.4,17.6,4.4,0.5,1.0,1.5,side,chinese,"A classic Chinese preparation featuring bold wok-hei flavours, soy sauce and fresh aromatics. The texture is satisfying with a savoury-sweet balance typical of the cuisine.",accompaniment;light bite;flavour enhancer;complementary;quick,https://en.wikipedia.org/wiki/Wonton_Soup
Kulcha,recipe,Lunch; Dinner,veg,roti,Medium,25,220,5.0,35.0,6.0,0.5,1.0,1.5,anchor_starch,indian,"A traditional Indian roti prepared with aromatic spices and fresh ingredients. The dish offers a balanced flavour profile with warming notes of cumin, coriander and turmeric.",energy rich;carb conscious;comfort food;sustained energy;hearty,https://en.wikipedia.org/wiki/Kulcha
Cream of Mushroom Soup,recipe,Snack; Dinner,veg,soup,Easy,23,114,3.8,15.2,3.8,0.5,1.0,1.5,side,continental,A refined continental dish showcasing clean flavours and precise technique. The preparation highlights the natural qualities of the main ingredient with subtle herb and butter notes.,accompaniment;light bite;flavour enhancer;complementary;quick,https://en.wikipedia.org/wiki/Cream_of_Mushroom_Soup
Egg Keema,recipe,Breakfast,egg,egg,Easy,14,209,11.4,5.7,14.2,0.5,1.0,1.5,complete_meal,indian,"A traditional Indian egg prepared with aromatic spices and fresh ingredients. The dish offers a balanced flavour profile with warming notes of cumin, coriander and turmeric.",balanced meal;single serve;nutritious;wholesome;filling,https://en.wikipedia.org/wiki/Egg_Keema
Steak Diane,recipe,Lunch; Dinner,non-veg,kabab,Medium,40,308,19.8,11.0,19.8,0.5,1.0,1.5,anchor_protein,continental,A refined continental dish showcasing clean flavours and precise technique. The preparation highlights the natural qualities of the main ingredient with subtle herb and butter notes.,high protein;muscle friendly;satiating;lean;nutrient dense,https://en.wikipedia.org/wiki/Steak_Diane
Roomali Roti,recipe,Lunch; Dinner,vegan,roti,Easy,23,199,4.5,31.6,5.4,0.5,1.0,1.5,anchor_starch,indian,"A traditional Indian roti prepared with aromatic spices and fresh ingredients. The dish offers a balanced flavour profile with warming notes of cumin, coriander and turmeric.",energy rich;carb conscious;comfort food;sustained energy;hearty,https://en.wikipedia.org/wiki/Roomali_Roti
Garlic Chicken,recipe,Lunch; Dinner,non-veg,chicken,Easy,33,272,23.0,8.4,14.6,0.5,1.0,1.5,anchor_protein,chinese,"A classic Chinese preparation featuring bold wok-hei flavours, soy sauce and fresh aromatics. The texture is satisfying with a savoury-sweet balance typical of the cuisine.",high protein;muscle friendly;satiating;lean;nutrient dense,https://en.wikipedia.org/wiki/Garlic_Chicken
Wiener Schnitzel,recipe,Lunch; Dinner,non-veg,kabab,Medium,40,308,19.8,11.0,19.8,0.5,1.0,1.5,complete_meal,continental,A refined continental dish showcasing clean flavours and precise technique. The preparation highlights the natural qualities of the main ingredient with subtle herb and butter notes.,balanced meal;single serve;nutritious;wholesome;filling,https://en.wikipedia.org/wiki/Wiener_Schnitzel
Manchow Soup,recipe,Snack; Dinner,veg,soup,Easy,23,114,3.8,15.2,3.8,0.5,1.0,1.5,side,chinese,"A classic Chinese preparation featuring bold wok-hei flavours, soy sauce and fresh aromatics. The texture is satisfying with a savoury-sweet balance typical of the cuisine.",accompaniment;light bite;flavour enhancer;complementary;quick,https://en.wikipedia.org/wiki/Manchow_Soup
Egg Toast,recipe,Breakfast,egg,toast,Easy,14,266,9.5,28.5,11.4,0.5,1.0,1.5,complete_meal,indian,"A traditional Indian toast prepared with aromatic spices and fresh ingredients. The dish offers a balanced flavour profile with warming notes of cumin, coriander and turmeric.",balanced meal;single serve;nutritious;wholesome;filling,https://en.wikipedia.org/wiki/Egg_Toast
French Onion Soup,recipe,Snack; Dinner,veg,soup,Medium,25,120,4.0,16.0,4.0,0.5,1.0,1.5,side,continental,A refined continental dish showcasing clean flavours and precise technique. The preparation highlights the natural qualities of the main ingredient with subtle herb and butter notes.,accompaniment;light bite;flavour enhancer;complementary;quick,https://en.wikipedia.org/wiki/French_Onion_Soup
Kala Chana,recipe,Lunch; Dinner,vegan,dal,Easy,33,180,9.0,25.3,4.5,0.5,1.0,1.5,anchor_protein,indian,"A traditional Indian dal prepared with aromatic spices and fresh ingredients. The dish offers a balanced flavour profile with warming notes of cumin, coriander and turmeric.",high protein;muscle friendly;satiating;lean;nutrient dense,https://en.wikipedia.org/wiki/Kala_Chana
Sweet and Sour Chicken,recipe,Lunch; Dinner,non-veg,chicken,Medium,35,286,24.2,8.8,15.4,0.5,1.0,1.5,anchor_protein,chinese,"A classic Chinese preparation featuring bold wok-hei flavours, soy sauce and fresh aromatics. The texture is satisfying with a savoury-sweet balance typical of the cuisine.",high protein;muscle friendly;satiating;lean;nutrient dense,https://en.wikipedia.org/wiki/Sweet_and_Sour_Chicken
Shepherds Pie,recipe,Lunch; Dinner,non-veg,kabab,Medium,40,308,19.8,11.0,19.8,0.5,1.0,1.5,complete_meal,continental,A refined continental dish showcasing clean flavours and precise technique. The preparation highlights the natural qualities of the main ingredient with subtle herb and butter notes.,balanced meal;single serve;nutritious;wholesome;filling,https://en.wikipedia.org/wiki/Shepherds_Pie
Jeera Aloo,recipe,Lunch; Dinner,veg,veg_curry,Easy,23,171,4.8,17.1,9.5,0.5,1.0,1.5,anchor_veg,indian,"A traditional Indian veg_curry prepared with aromatic spices and fresh ingredients. The dish offers a balanced flavour profile with warming notes of cumin, coriander and turmeric.",fibre rich;vegetable forward;light;digestible;vitamin rich,https://en.wikipedia.org/wiki/Jeera_Aloo
Falooda,recipe,Lunch; Dinner,dairy,veg_raw,Medium,15,158,3.2,23.1,6.3,0.5,1.0,1.5,side,indian,"A traditional Indian veg_raw prepared with aromatic spices and fresh ingredients. The dish offers a balanced flavour profile with warming notes of cumin, coriander and turmeric.",accompaniment;light bite;flavour enhancer;complementary;quick,https://en.wikipedia.org/wiki/Falooda
Mutabbal,recipe,Snack; Lunch,vegan,veg_raw,Easy,14,135,2.7,19.9,5.4,0.5,1.0,1.5,side,middle_eastern,"An authentic Middle Eastern dish characterised by earthy spices, tahini and fresh herbs. The flavour is aromatic and nuanced with a satisfying richness.",accompaniment;light bite;flavour enhancer;complementary;quick,https://en.wikipedia.org/wiki/Mutabbal
Kung Pao Chicken,recipe,Lunch; Dinner,non-veg,chicken,Medium,35,286,24.2,8.8,15.4,0.5,1.0,1.5,anchor_protein,chinese,"A classic Chinese preparation featuring bold wok-hei flavours, soy sauce and fresh aromatics. The texture is satisfying with a savoury-sweet balance typical of the cuisine.",high protein;muscle friendly;satiating;lean;nutrient dense,https://en.wikipedia.org/wiki/Kung_Pao_Chicken
Scrambled Eggs,recipe,Breakfast,egg,egg,Easy,14,209,11.4,5.7,14.2,0.5,1.0,1.5,complete_meal,continental,A refined continental dish showcasing clean flavours and precise technique. The preparation highlights the natural qualities of the main ingredient with subtle herb and butter notes.,balanced meal;single serve;nutritious;wholesome;filling,https://en.wikipedia.org/wiki/Scrambled_Eggs
Onigiri,recipe,Snack; Lunch,vegan,veg_raw,Easy,14,135,2.7,19.9,5.4,0.5,1.0,1.5,side,japanese,"A delicate Japanese preparation emphasising umami, seasonal ingredients and meticulous presentation. The taste is clean and balanced with subtle sweetness and depth.",accompaniment;light bite;flavour enhancer;complementary;quick,https://en.wikipedia.org/wiki/Onigiri
Phool Gobi,recipe,Lunch; Dinner,veg,veg_curry,Easy,23,171,4.8,17.1,9.5,0.5,1.0,1.5,anchor_veg,indian,"A traditional Indian veg_curry prepared with aromatic spices and fresh ingredients. The dish offers a balanced flavour profile with warming notes of cumin, coriander and turmeric.",fibre rich;vegetable forward;light;digestible;vitamin rich,https://en.wikipedia.org/wiki/Phool_Gobi
Cobb Salad,recipe,Lunch; Dinner,non-veg,veg_raw,Easy,14,157,3.1,23.0,6.3,0.5,1.0,1.5,complete_meal,global,"A nourishing global bowl combining diverse ingredients in harmonious balance. The dish is versatile, wholesome and designed for modern healthy eating.",balanced meal;single serve;nutritious;wholesome;filling,https://en.wikipedia.org/wiki/Cobb_Salad
Dim Sum,recipe,Snack,veg,veg_raw,Medium,15,150,3.0,22.0,6.0,0.5,1.0,1.5,side,chinese,"A classic Chinese preparation featuring bold wok-hei flavours, soy sauce and fresh aromatics. The texture is satisfying with a savoury-sweet balance typical of the cuisine.",accompaniment;light bite;flavour enhancer;complementary;quick,https://en.wikipedia.org/wiki/Dim_Sum
Lamb Chops,recipe,Lunch; Dinner,non-veg,kabab,Medium,40,308,19.8,11.0,19.8,0.5,1.0,1.5,anchor_protein,continental,A refined continental dish showcasing clean flavours and precise technique. The preparation highlights the natural qualities of the main ingredient with subtle herb and butter notes.,high protein;muscle friendly;satiating;lean;nutrient dense,https://en.wikipedia.org/wiki/Lamb_Chops
Curd Rice,recipe,Lunch; Dinner,dairy,rice,Easy,23,219,4.0,39.9,4.0,0.5,1.0,1.5,anchor_starch,indian,"A traditional Indian rice prepared with aromatic spices and fresh ingredients. The dish offers a balanced flavour profile with warming notes of cumin, coriander and turmeric.",energy rich;carb conscious;comfort food;sustained energy;hearty,https://en.wikipedia.org/wiki/Curd_Rice
Muhammara,recipe,Snack; Lunch,vegan,veg_raw,Easy,14,135,2.7,19.9,5.4,0.5,1.0,1.5,side,middle_eastern,"An authentic Middle Eastern dish characterised by earthy spices, tahini and fresh herbs. The flavour is aromatic and nuanced with a satisfying richness.",accompaniment;light bite;flavour enhancer;complementary;quick,https://en.wikipedia.org/wiki/Muhammara
Omelette,recipe,Breakfast,egg,egg,Easy,14,209,11.4,5.7,14.2,0.5,1.0,1.5,complete_meal,continental,A refined continental dish showcasing clean flavours and precise technique. The preparation highlights the natural qualities of the main ingredient with subtle herb and butter notes.,balanced meal;single serve;nutritious;wholesome;filling,https://en.wikipedia.org/wiki/Omelette
Lemon Chicken,recipe,Lunch; Dinner,non-veg,chicken,Medium,35,286,24.2,8.8,15.4,0.5,1.0,1.5,anchor_protein,chinese,"A classic Chinese preparation featuring bold wok-hei flavours, soy sauce and fresh aromatics. The texture is satisfying with a savoury-sweet balance typical of the cuisine.",high protein;muscle friendly;satiating;lean;nutrient dense,https://en.wikipedia.org/wiki/Lemon_Chicken
Gyoza,recipe,Snack; Dinner,veg,veg_raw,Medium,15,150,3.0,22.0,6.0,0.5,1.0,1.5,side,japanese,"A delicate Japanese preparation emphasising umami, seasonal ingredients and meticulous presentation. The taste is clean and balanced with subtle sweetness and depth.",accompaniment;light bite;flavour enhancer;complementary;quick,https://en.wikipedia.org/wiki/Gyoza
Boiled Eggs,recipe,Breakfast,egg,egg,Easy,14,209,11.4,5.7,14.2,0.5,1.0,1.5,complete_meal,global,"A nourishing global bowl combining diverse ingredients in harmonious balance. The dish is versatile, wholesome and designed for modern healthy eating.",balanced meal;single serve;nutritious;wholesome;filling,https://en.wikipedia.org/wiki/Boiled_Eggs
Gajar Ka Halwa,recipe,Lunch; Dinner,dairy,veg_raw,Medium,15,158,3.2,23.1,6.3,0.5,1.0,1.5,side,indian,"A traditional Indian veg_raw prepared with aromatic spices and fresh ingredients. The dish offers a balanced flavour profile with warming notes of cumin, coriander and turmeric.",accompaniment;light bite;flavour enhancer;complementary;quick,https://en.wikipedia.org/wiki/Gajar_Ka_Halwa
Ratatouille,recipe,Lunch; Dinner,vegan,veg_curry,Medium,25,171,4.8,17.1,9.5,0.5,1.0,1.5,anchor_veg,continental,A refined continental dish showcasing clean flavours and precise technique. The preparation highlights the natural qualities of the main ingredient with subtle herb and butter notes.,fibre rich;vegetable forward;light;digestible;vitamin rich,https://en.wikipedia.org/wiki/Ratatouille
Burrito Bowl,recipe,Lunch; Dinner,non-veg,rice,Easy,23,230,4.2,41.8,4.2,0.5,1.0,1.5,complete_meal,global,"A nourishing global bowl combining diverse ingredients in harmonious balance. The dish is versatile, wholesome and designed for modern healthy eating.",balanced meal;single serve;nutritious;wholesome;filling,https://en.wikipedia.org/wiki/Burrito_Bowl
Yakitori,recipe,Snack,non-veg,chicken,Medium,35,286,24.2,8.8,15.4,0.5,1.0,1.5,anchor_protein,japanese,"A delicate Japanese preparation emphasising umami, seasonal ingredients and meticulous presentation. The taste is clean and balanced with subtle sweetness and depth.",high protein;muscle friendly;satiating;lean;nutrient dense,https://en.wikipedia.org/wiki/Yakitori
Lauki Kofta,recipe,Lunch; Dinner,veg,veg_curry,Medium,25,180,5.0,18.0,10.0,0.5,1.0,1.5,anchor_veg,indian,"A traditional Indian veg_curry prepared with aromatic spices and fresh ingredients. The dish offers a balanced flavour profile with warming notes of cumin, coriander and turmeric.",fibre rich;vegetable forward;light;digestible;vitamin rich,https://en.wikipedia.org/wiki/Lauki_Kofta
Dolma,recipe,Lunch; Dinner,vegan,veg_curry,Medium,25,171,4.8,17.1,9.5,0.5,1.0,1.5,anchor_veg,middle_eastern,"An authentic Middle Eastern dish characterised by earthy spices, tahini and fresh herbs. The flavour is aromatic and nuanced with a satisfying richness.",fibre rich;vegetable forward;light;digestible;vitamin rich,https://en.wikipedia.org/wiki/Dolma
Sweet and Sour Pork,recipe,Lunch; Dinner,non-veg,kabab,Medium,40,308,19.8,11.0,19.8,0.5,1.0,1.5,anchor_protein,chinese,"A classic Chinese preparation featuring bold wok-hei flavours, soy sauce and fresh aromatics. The texture is satisfying with a savoury-sweet balance typical of the cuisine.",high protein;muscle friendly;satiating;lean;nutrient dense,https://en.wikipedia.org/wiki/Sweet_and_Sour_Pork
Egg Cutlet,recipe,Breakfast,egg,veg_curry,Easy,23,171,4.8,17.1,9.5,0.5,1.0,1.5,complete_meal,indian,"A traditional Indian veg_curry prepared with aromatic spices and fresh ingredients. The dish offers a balanced flavour profile with warming notes of cumin, coriander and turmeric.",balanced meal;single serve;nutritious;wholesome;filling,https://en.wikipedia.org/wiki/Egg_Cutlet
Baklava,recipe,Snack,veg,veg_raw,Hard,16,165,3.3,24.2,6.6,0.5,1.0,1.5,side,middle_eastern,"An authentic Middle Eastern dish characterised by earthy spices, tahini and fresh herbs. The flavour is aromatic and nuanced with a satisfying richness.",accompaniment;light bite;flavour enhancer;complementary;quick,https://en.wikipedia.org/wiki/Baklava
Hummus Bowl,recipe,Lunch; Dinner,vegan,veg_raw,Easy,14,135,2.7,19.9,5.4,0.5,1.0,1.5,complete_meal,global,"A nourishing global bowl combining diverse ingredients in harmonious balance. The dish is versatile, wholesome and designed for modern healthy eating.",balanced meal;single serve;nutritious;wholesome;filling,https://en.wikipedia.org/wiki/Hummus_Bowl
Miso Glazed Salmon,recipe,Lunch; Dinner,non-veg,fish,Medium,30,242,22.0,6.6,13.2,0.5,1.0,1.5,anchor_protein,japanese,"A delicate Japanese preparation emphasising umami, seasonal ingredients and meticulous presentation. The taste is clean and balanced with subtle sweetness and depth.",high protein;muscle friendly;satiating;lean;nutrient dense,https://en.wikipedia.org/wiki/Miso_Glazed_Salmon
Gulab Jamun,recipe,Lunch; Dinner,dairy,veg_raw,Medium,15,158,3.2,23.1,6.3,0.5,1.0,1.5,side,indian,"A traditional Indian veg_raw prepared with aromatic spices and fresh ingredients. The dish offers a balanced flavour profile with warming notes of cumin, coriander and turmeric.",accompaniment;light bite;flavour enhancer;complementary;quick,https://en.wikipedia.org/wiki/Gulab_Jamun
Quiche Lorraine,recipe,Lunch; Dinner,egg,egg,Hard,16,242,13.2,6.6,16.5,0.5,1.0,1.5,complete_meal,continental,A refined continental dish showcasing clean flavours and precise technique. The preparation highlights the natural qualities of the main ingredient with subtle herb and butter notes.,balanced meal;single serve;nutritious;wholesome;filling,https://en.wikipedia.org/wiki/Quiche_Lorraine
Congee,recipe,Breakfast,veg,grain_breakfast,Easy,19,228,5.7,36.1,6.6,0.5,1.0,1.5,complete_meal,chinese,"A classic Chinese preparation featuring bold wok-hei flavours, soy sauce and fresh aromatics. The texture is satisfying with a savoury-sweet balance typical of the cuisine.",balanced meal;single serve;nutritious;wholesome;filling,https://en.wikipedia.org/wiki/Congee
Knafeh,recipe,Snack,dairy,veg_raw,Hard,16,173,3.5,25.4,6.9,0.5,1.0,1.5,side,middle_eastern,"An authentic Middle Eastern dish characterised by earthy spices, tahini and fresh herbs. The flavour is aromatic and nuanced with a satisfying richness.",accompaniment;light bite;flavour enhancer;complementary;quick,https://en.wikipedia.org/wiki/Knafeh
Acai Bowl,recipe,Breakfast; Snack,vegan,fruit,Easy,9,162,2.7,31.6,1.8,0.5,1.0,1.5,beverage,global,"A nourishing global bowl combining diverse ingredients in harmonious balance. The dish is versatile, wholesome and designed for modern healthy eating.",refreshing;hydrating;light;aromatic;soothing,https://en.wikipedia.org/wiki/Acai_Bowl
Pork Ribs,recipe,Lunch; Dinner,non-veg,kabab,Hard,44,339,21.8,12.1,21.8,0.5,1.0,1.5,anchor_protein,continental,A refined continental dish showcasing clean flavours and precise technique. The preparation highlights the natural qualities of the main ingredient with subtle herb and butter notes.,high protein;muscle friendly;satiating;lean;nutrient dense,https://en.wikipedia.org/wiki/Pork_Ribs
Mapo Tofu,recipe,Lunch; Dinner,veg,veg_curry,Medium,25,180,5.0,18.0,10.0,0.5,1.0,1.5,anchor_protein,chinese,"A classic Chinese preparation featuring bold wok-hei flavours, soy sauce and fresh aromatics. The texture is satisfying with a savoury-sweet balance typical of the cuisine.",high protein;muscle friendly;satiating;lean;nutrient dense,https://en.wikipedia.org/wiki/Mapo_Tofu
Soba Noodles,recipe,Lunch; Dinner,vegan,pasta,Easy,23,289,9.0,43.3,9.0,0.5,1.0,1.5,complete_meal,japanese,"A delicate Japanese preparation emphasising umami, seasonal ingredients and meticulous presentation. The taste is clean and balanced with subtle sweetness and depth.",balanced meal;single serve;nutritious;wholesome;filling,https://en.wikipedia.org/wiki/Soba_Noodles
Rasmalai,recipe,Lunch; Dinner,dairy,veg_raw,Medium,15,158,3.2,23.1,6.3,0.5,1.0,1.5,side,indian,"A traditional Indian veg_raw prepared with aromatic spices and fresh ingredients. The dish offers a balanced flavour profile with warming notes of cumin, coriander and turmeric.",accompaniment;light bite;flavour enhancer;complementary;quick,https://en.wikipedia.org/wiki/Rasmalai
Lamb Kofta,recipe,Lunch; Dinner,non-veg,kabab,Medium,40,308,19.8,11.0,19.8,0.5,1.0,1.5,anchor_protein,middle_eastern,"An authentic Middle Eastern dish characterised by earthy spices, tahini and fresh herbs. The flavour is aromatic and nuanced with a satisfying richness.",high protein;muscle friendly;satiating;lean;nutrient dense,https://en.wikipedia.org/wiki/Lamb_Kofta
Egg Kofta,recipe,Breakfast,egg,veg_curry,Easy,23,171,4.8,17.1,9.5,0.5,1.0,1.5,complete_meal,indian,"A traditional Indian veg_curry prepared with aromatic spices and fresh ingredients. The dish offers a balanced flavour profile with warming notes of cumin, coriander and turmeric.",balanced meal;single serve;nutritious;wholesome;filling,https://en.wikipedia.org/wiki/Egg_Kofta
Falafel Bowl,recipe,Lunch; Dinner,vegan,veg_raw,Easy,14,135,2.7,19.9,5.4,0.5,1.0,1.5,complete_meal,global,"A nourishing global bowl combining diverse ingredients in harmonious balance. The dish is versatile, wholesome and designed for modern healthy eating.",balanced meal;single serve;nutritious;wholesome;filling,https://en.wikipedia.org/wiki/Falafel_Bowl
Peking Duck,recipe,Lunch; Dinner,non-veg,chicken,Hard,38,315,26.6,9.7,16.9,0.5,1.0,1.5,anchor_protein,chinese,"A classic Chinese preparation featuring bold wok-hei flavours, soy sauce and fresh aromatics. The texture is satisfying with a savoury-sweet balance typical of the cuisine.",high protein;muscle friendly;satiating;lean;nutrient dense,https://en.wikipedia.org/wiki/Peking_Duck
Udon Noodles,recipe,Lunch; Dinner,veg,pasta,Easy,23,304,9.5,45.6,9.5,0.5,1.0,1.5,complete_meal,japanese,"A delicate Japanese preparation emphasising umami, seasonal ingredients and meticulous presentation. The taste is clean and balanced with subtle sweetness and depth.",balanced meal;single serve;nutritious;wholesome;filling,https://en.wikipedia.org/wiki/Udon_Noodles
Karela Masala,recipe,Lunch; Dinner,veg,veg_curry,Medium,25,180,5.0,18.0,10.0,0.5,1.0,1.5,anchor_veg,indian,"A traditional Indian veg_curry prepared with aromatic spices and fresh ingredients. The dish offers a balanced flavour profile with warming notes of cumin, coriander and turmeric.",fibre rich;vegetable forward;light;digestible;vitamin rich,https://en.wikipedia.org/wiki/Karela_Masala
Fish and Chips,recipe,Lunch; Dinner,non-veg,fish,Medium,30,242,22.0,6.6,13.2,0.5,1.0,1.5,complete_meal,continental,A refined continental dish showcasing clean flavours and precise technique. The preparation highlights the natural qualities of the main ingredient with subtle herb and butter notes.,balanced meal;single serve;nutritious;wholesome;filling,https://en.wikipedia.org/wiki/Fish_and_Chips
Moong Dal Halwa,recipe,Lunch; Dinner,dairy,veg_raw,Hard,16,173,3.5,25.4,6.9,0.5,1.0,1.5,side,indian,"A traditional Indian veg_raw prepared with aromatic spices and fresh ingredients. The dish offers a balanced flavour profile with warming notes of cumin, coriander and turmeric.",accompaniment;light bite;flavour enhancer;complementary;quick,https://en.wikipedia.org/wiki/Moong_Dal_Halwa
Mujaddara,recipe,Lunch; Dinner,vegan,rice,Easy,23,199,3.6,36.1,3.6,0.5,1.0,1.5,complete_meal,middle_eastern,"An authentic Middle Eastern dish characterised by earthy spices, tahini and fresh herbs. The flavour is aromatic and nuanced with a satisfying richness.",balanced meal;single serve;nutritious;wholesome;filling,https://en.wikipedia.org/wiki/Mujaddara
Char Siu,recipe,Lunch; Dinner,non-veg,kabab,Hard,44,339,21.8,12.1,21.8,0.5,1.0,1.5,anchor_protein,chinese,"A classic Chinese preparation featuring bold wok-hei flavours, soy sauce and fresh aromatics. The texture is satisfying with a savoury-sweet balance typical of the cuisine.",high protein;muscle friendly;satiating;lean;nutrient dense,https://en.wikipedia.org/wiki/Char_Siu
Buddha Bowl,recipe,Lunch; Dinner,vegan,veg_raw,Easy,14,135,2.7,19.9,5.4,0.5,1.0,1.5,complete_meal,global,"A nourishing global bowl combining diverse ingredients in harmonious balance. The dish is versatile, wholesome and designed for modern healthy eating.",balanced meal;single serve;nutritious;wholesome;filling,https://en.wikipedia.org/wiki/Buddha_Bowl
Yakisoba,recipe,Lunch; Dinner,veg,pasta,Medium,25,320,10.0,48.0,10.0,0.5,1.0,1.5,complete_meal,japanese,"A delicate Japanese preparation emphasising umami, seasonal ingredients and meticulous presentation. The taste is clean and balanced with subtle sweetness and depth.",balanced meal;single serve;nutritious;wholesome;filling,https://en.wikipedia.org/wiki/Yakisoba
Egg Bhurji,recipe,Breakfast,egg,egg,Easy,14,209,11.4,5.7,14.2,0.5,1.0,1.5,complete_meal,indian,"A traditional Indian egg prepared with aromatic spices and fresh ingredients. The dish offers a balanced flavour profile with warming notes of cumin, coriander and turmeric.",balanced meal;single serve;nutritious;wholesome;filling,https://en.wikipedia.org/wiki/Egg_Bhurji
Beef Bourguignon,recipe,Lunch; Dinner,non-veg,kabab,Hard,44,339,21.8,12.1,21.8,0.5,1.0,1.5,complete_meal,continental,A refined continental dish showcasing clean flavours and precise technique. The preparation highlights the natural qualities of the main ingredient with subtle herb and butter notes.,balanced meal;single serve;nutritious;wholesome;filling,https://en.wikipedia.org/wiki/Beef_Bourguignon
Chilli Garlic Noodles,recipe,Lunch; Dinner,veg,pasta,Easy,23,304,9.5,45.6,9.5,0.5,1.0,1.5,complete_meal,chinese,"A classic Chinese preparation featuring bold wok-hei flavours, soy sauce and fresh aromatics. The texture is satisfying with a savoury-sweet balance typical of the cuisine.",balanced meal;single serve;nutritious;wholesome;filling,https://en.wikipedia.org/wiki/Chilli_Garlic_Noodles
Grain Bowl,recipe,Lunch; Dinner,vegan,veg_raw,Easy,14,135,2.7,19.9,5.4,0.5,1.0,1.5,complete_meal,global,"A nourishing global bowl combining diverse ingredients in harmonious balance. The dish is versatile, wholesome and designed for modern healthy eating.",balanced meal;single serve;nutritious;wholesome;filling,https://en.wikipedia.org/wiki/Grain_Bowl
Chicken Katsu,recipe,Lunch; Dinner,non-veg,chicken,Medium,35,286,24.2,8.8,15.4,0.5,1.0,1.5,complete_meal,japanese,"A delicate Japanese preparation emphasising umami, seasonal ingredients and meticulous presentation. The taste is clean and balanced with subtle sweetness and depth.",balanced meal;single serve;nutritious;wholesome;filling,https://en.wikipedia.org/wiki/Chicken_Katsu
Badam Milk,recipe,Snack; Breakfast,dairy,drink,Easy,9,120,4.0,18.0,3.0,0.5,1.0,1.5,beverage,indian,"A traditional Indian drink prepared with aromatic spices and fresh ingredients. The dish offers a balanced flavour profile with warming notes of cumin, coriander and turmeric.",refreshing;hydrating;light;aromatic;soothing,https://en.wikipedia.org/wiki/Badam_Milk
Egg Patty,recipe,Breakfast,egg,chaat,Easy,19,266,7.6,36.1,9.5,0.5,1.0,1.5,complete_meal,indian,"A traditional Indian chaat prepared with aromatic spices and fresh ingredients. The dish offers a balanced flavour profile with warming notes of cumin, coriander and turmeric.",balanced meal;single serve;nutritious;wholesome;filling,https://en.wikipedia.org/wiki/Egg_Patty
Dum Aloo,recipe,Lunch; Dinner,veg,veg_curry,Medium,25,180,5.0,18.0,10.0,0.5,1.0,1.5,anchor_veg,indian,"A traditional Indian veg_curry prepared with aromatic spices and fresh ingredients. The dish offers a balanced flavour profile with warming notes of cumin, coriander and turmeric.",fibre rich;vegetable forward;light;digestible;vitamin rich,https://en.wikipedia.org/wiki/Dum_Aloo
Beef Wellington,recipe,Lunch; Dinner,non-veg,kabab,Hard,44,339,21.8,12.1,21.8,0.5,1.0,1.5,complete_meal,continental,A refined continental dish showcasing clean flavours and precise technique. The preparation highlights the natural qualities of the main ingredient with subtle herb and butter notes.,balanced meal;single serve;nutritious;wholesome;filling,https://en.wikipedia.org/wiki/Beef_Wellington
Egg Sandwich,recipe,Breakfast,egg,toast,Easy,14,266,9.5,28.5,11.4,0.5,1.0,1.5,complete_meal,indian,"A traditional Indian toast prepared with aromatic spices and fresh ingredients. The dish offers a balanced flavour profile with warming notes of cumin, coriander and turmeric.",balanced meal;single serve;nutritious;wholesome;filling,https://en.wikipedia.org/wiki/Egg_Sandwich
Sweet Lassi,recipe,Snack,dairy,drink,Easy,9,120,4.0,18.0,3.0,0.5,1.0,1.5,beverage,indian,"A traditional Indian drink prepared with aromatic spices and fresh ingredients. The dish offers a balanced flavour profile with warming notes of cumin, coriander and turmeric.",refreshing;hydrating;light;aromatic;soothing,https://en.wikipedia.org/wiki/Sweet_Lassi
Maqluba,recipe,Lunch; Dinner,non-veg,rice,Hard,27,266,4.8,48.4,4.8,0.5,1.0,1.5,complete_meal,middle_eastern,"An authentic Middle Eastern dish characterised by earthy spices, tahini and fresh herbs. The flavour is aromatic and nuanced with a satisfying richness.",balanced meal;single serve;nutritious;wholesome;filling,https://en.wikipedia.org/wiki/Maqluba
Bhindi Do Pyaza,recipe,Lunch; Dinner,veg,veg_curry,Medium,25,180,5.0,18.0,10.0,0.5,1.0,1.5,anchor_veg,indian,"A traditional Indian veg_curry prepared with aromatic spices and fresh ingredients. The dish offers a balanced flavour profile with warming notes of cumin, coriander and turmeric.",fibre rich;vegetable forward;light;digestible;vitamin rich,https://en.wikipedia.org/wiki/Bhindi_Do_Pyaza
Egg Vada,recipe,Breakfast,egg,south_indian,Medium,20,180,4.0,32.0,4.0,0.5,1.0,1.5,complete_meal,indian,"A traditional Indian south_indian prepared with aromatic spices and fresh ingredients. The dish offers a balanced flavour profile with warming notes of cumin, coriander and turmeric.",balanced meal;single serve;nutritious;wholesome;filling,https://en.wikipedia.org/wiki/Egg_Vada
Masala Chai,recipe,Snack; Breakfast,dairy,drink,Easy,9,120,4.0,18.0,3.0,0.5,1.0,1.5,beverage,indian,"A traditional Indian drink prepared with aromatic spices and fresh ingredients. The dish offers a balanced flavour profile with warming notes of cumin, coriander and turmeric.",refreshing;hydrating;light;aromatic;soothing,https://en.wikipedia.org/wiki/Masala_Chai
Egg Roll,recipe,Breakfast,egg,roti,Medium,25,220,5.0,35.0,6.0,0.5,1.0,1.5,complete_meal,indian,"A traditional Indian roti prepared with aromatic spices and fresh ingredients. The dish offers a balanced flavour profile with warming notes of cumin, coriander and turmeric.",balanced meal;single serve;nutritious;wholesome;filling,https://en.wikipedia.org/wiki/Egg_Roll
Triple Schezwan Rice,recipe,Lunch; Dinner,veg,rice,Medium,25,220,4.0,40.0,4.0,0.5,1.0,1.5,complete_meal,chinese,"A classic Chinese preparation featuring bold wok-hei flavours, soy sauce and fresh aromatics. The texture is satisfying with a savoury-sweet balance typical of the cuisine.",balanced meal;single serve;nutritious;wholesome;filling,https://en.wikipedia.org/wiki/Triple_Schezwan_Rice
Tuna Salad,recipe,Lunch; Dinner,non-veg,veg_raw,Easy,14,157,3.1,23.0,6.3,0.5,1.0,1.5,complete_meal,global,"A nourishing global bowl combining diverse ingredients in harmonious balance. The dish is versatile, wholesome and designed for modern healthy eating.",balanced meal;single serve;nutritious;wholesome;filling,https://en.wikipedia.org/wiki/Tuna_Salad
Paneer Korma,recipe,Lunch; Dinner,dairy,paneer,Medium,30,294,14.7,12.6,18.9,0.5,1.0,1.5,anchor_protein,indian,"A traditional Indian paneer prepared with aromatic spices and fresh ingredients. The dish offers a balanced flavour profile with warming notes of cumin, coriander and turmeric.",high protein;muscle friendly;satiating;lean;nutrient dense,https://en.wikipedia.org/wiki/Paneer_Korma
Jaljeera,recipe,Snack,vegan,drink,Easy,9,108,3.6,16.2,2.7,0.5,1.0,1.5,beverage,indian,"A traditional Indian drink prepared with aromatic spices and fresh ingredients. The dish offers a balanced flavour profile with warming notes of cumin, coriander and turmeric.",refreshing;hydrating;light;aromatic;soothing,https://en.wikipedia.org/wiki/Jaljeera
Egg Korma,recipe,Breakfast,egg,egg,Medium,15,220,12.0,6.0,15.0,0.5,1.0,1.5,complete_meal,indian,"A traditional Indian egg prepared with aromatic spices and fresh ingredients. The dish offers a balanced flavour profile with warming notes of cumin, coriander and turmeric.",balanced meal;single serve;nutritious;wholesome;filling,https://en.wikipedia.org/wiki/Egg_Korma
Bharwa Karela,recipe,Lunch; Dinner,veg,veg_curry,Hard,27,198,5.5,19.8,11.0,0.5,1.0,1.5,anchor_veg,indian,"A traditional Indian veg_curry prepared with aromatic spices and fresh ingredients. The dish offers a balanced flavour profile with warming notes of cumin, coriander and turmeric.",fibre rich;vegetable forward;light;digestible;vitamin rich,https://en.wikipedia.org/wiki/Bharwa_Karela
Kibbeh,recipe,Lunch; Dinner,non-veg,kabab,Hard,44,339,21.8,12.1,21.8,0.5,1.0,1.5,complete_meal,middle_eastern,"An authentic Middle Eastern dish characterised by earthy spices, tahini and fresh herbs. The flavour is aromatic and nuanced with a satisfying richness.",balanced meal;single serve;nutritious;wholesome;filling,https://en.wikipedia.org/wiki/Kibbeh
Tonkatsu,recipe,Lunch; Dinner,non-veg,kabab,Medium,40,308,19.8,11.0,19.8,0.5,1.0,1.5,complete_meal,japanese,"A delicate Japanese preparation emphasising umami, seasonal ingredients and meticulous presentation. The taste is clean and balanced with subtle sweetness and depth.",balanced meal;single serve;nutritious;wholesome;filling,https://en.wikipedia.org/wiki/Tonkatsu
Osso Buco,recipe,Lunch; Dinner,non-veg,kabab,Hard,44,339,21.8,12.1,21.8,0.5,1.0,1.5,complete_meal,continental,A refined continental dish showcasing clean flavours and precise technique. The preparation highlights the natural qualities of the main ingredient with subtle herb and butter notes.,balanced meal;single serve;nutritious;wholesome;filling,https://en.wikipedia.org/wiki/Osso_Buco
Egg Spring Roll,recipe,Breakfast,egg,chaat,Medium,20,280,8.0,38.0,10.0,0.5,1.0,1.5,complete_meal,indian,"A traditional Indian chaat prepared with aromatic spices and fresh ingredients. The dish offers a balanced flavour profile with warming notes of cumin, coriander and turmeric.",balanced meal;single serve;nutritious;wholesome;filling,https://en.wikipedia.org/wiki/Egg_Spring_Roll
Aam Panna,recipe,Snack,vegan,drink,Easy,9,108,3.6,16.2,2.7,0.5,1.0,1.5,beverage,indian,"A traditional Indian drink prepared with aromatic spices and fresh ingredients. The dish offers a balanced flavour profile with warming notes of cumin, coriander and turmeric.",refreshing;hydrating;light;aromatic;soothing,https://en.wikipedia.org/wiki/Aam_Panna
Paneer Pasanda,recipe,Lunch; Dinner,dairy,paneer,Hard,33,323,16.2,13.9,20.8,0.5,1.0,1.5,anchor_protein,indian,"A traditional Indian paneer prepared with aromatic spices and fresh ingredients. The dish offers a balanced flavour profile with warming notes of cumin, coriander and turmeric.",high protein;muscle friendly;satiating;lean;nutrient dense,https://en.wikipedia.org/wiki/Paneer_Pasanda
Veg Kolhapuri,recipe,Lunch; Dinner,veg,veg_curry,Hard,27,198,5.5,19.8,11.0,0.5,1.0,1.5,anchor_veg,indian,"A traditional Indian veg_curry prepared with aromatic spices and fresh ingredients. The dish offers a balanced flavour profile with warming notes of cumin, coriander and turmeric.",fibre rich;vegetable forward;light;digestible;vitamin rich,https://en.wikipedia.org/wiki/Veg_Kolhapuri
Egg Paratha,recipe,Breakfast,egg,roti,Medium,25,220,5.0,35.0,6.0,0.5,1.0,1.5,complete_meal,indian,"A traditional Indian roti prepared with aromatic spices and fresh ingredients. The dish offers a balanced flavour profile with warming notes of cumin, coriander and turmeric.",balanced meal;single serve;nutritious;wholesome;filling,https://en.wikipedia.org/wiki/Egg_Paratha
Turkey Sandwich,recipe,Snack; Breakfast,non-veg,toast,Easy,14,293,10.5,31.4,12.5,0.5,1.0,1.5,complete_meal,global,"A nourishing global bowl combining diverse ingredients in harmonious balance. The dish is versatile, wholesome and designed for modern healthy eating.",balanced meal;single serve;nutritious;wholesome;filling,https://en.wikipedia.org/wiki/Turkey_Sandwich
Navratan Korma,recipe,Lunch; Dinner,veg,veg_curry,Hard,27,198,5.5,19.8,11.0,0.5,1.0,1.5,anchor_veg,indian,"A traditional Indian veg_curry prepared with aromatic spices and fresh ingredients. The dish offers a balanced flavour profile with warming notes of cumin, coriander and turmeric.",fibre rich;vegetable forward;light;digestible;vitamin rich,https://en.wikipedia.org/wiki/Navratan_Korma
